32 15 4 4155195629 2772577393 2581758688 3722780446 1317538471 4017363870 3299269475 1059641903 2125646632 3209602105 1533805729 2890935666 3976274206 879657152 2069083229 990285171 2218456991 3542154533 1990853878 1210154272 1615617110 863913981 467755201 841409156 3384491088 2638096915 384381594 212118317 2776162900 43852673 1537241267 1271736282 2804686748 2863721757 3367702816 4269944368 1567340236 55650835 2354941514 4173348241 3380014897 4191033371 1325401474 296927871 2007717841 214430014 1208118296 2857716061 3501899806 1370328585 2156837963 503985076 3523045438 938360058 618021899 4096260497 3745219308 3736850566 2404450861 2243055691 0 0 0 0,1.659759521484375,-19.085915807816138
32 15 4 3142872851 3992134610 3720212045 3203979911 3191066091 2782062391 3583542600 3018013482 1045311130 919873104 2687683362 695991323 2205692967 35275630 2229124319 931832957 2734782240 1540481682 4220792268 801570606 3245368441 109803271 2610491204 1530683477 2828853994 283285710 21952965 3837073533 317332707 1100191135 14180639 502567497 160032465 1955190426 1286701766 540971462 726736482 2889791307 2097656259 1118759416 369750344 2995273548 3245196724 1690368461 234845018 4138695649 2658239019 343575869 4013407535 4101994052 2771883260 1377903326 364031850 3372245610 4269721808 2600435330 1019796295 3121803864 2171282332 106512083 0 0 0 0,1.659759521484375,-18.798803660974998
32 15 4 254687354 3847361277 1000124436 3017684675 1492195116 519731681 3197482823 1335897969 3532869731 1743346077 3464754139 1468481789 1853195258 328402413 2441521718 2411813531 2828303501 2695361851 283034720 166518553 2016620179 1470784807 3161883992 986804431 2166158564 3488742237 3597632333 2232789087 3488767142 1314973330 408053459 1235707680 1683574613 3726190053 1767765868 2945465118 1840050053 3005081915 4293176056 2745495647 1651078972 3889653953 2862159037 3450354182 2148702179 3221077751 4060087786 2023188868 1431757607 1615511936 772963801 2350261172 1847475081 4222553555 2793198706 726971468 883781773 1063998873 274496870 1282712629 0 0 0 0,1.659759521484375,-18.707590944854440
32 15 4 4187307817 2104021627 2142977526 4229850368 3263565694 1148993604 1555002425 740510033 352359375 2767040322 1355557122 2908190166 3276419816 2535091508 2289957356 4203248644 3625564592 3993614412 2253910610 1889098674 867307 3566871784 2547994414 4171880050 456546257 4253745789 2927971574 1801118553 758110915 4110113202 2614319476 3517594966 3465252397 437358013 1655834445 2225870661 3068101135 1692415323 3906722388 903514795 4189008784 3660874954 3662810453 809702651 3733298112 2269304415 443540743 477384923 616930675 4263270259 885347101 149190381 1899071011 669958325 4224331607 3460046890 94581341 4167905413 1155379760 3977201279 0 0 0 0,1.659759521484375,-18.613531392714220
32 15 4 4127272330 1475576278 2127270795 1503939307 165881768 3453798576 3929795245 2583881975 2898509005 3693714128 2260338691 4072781924 2733726902 122026554 1436031327 863104413 3717379260 2931084801 1211677005 3084498334 732455731 2958100039 2786481168 2456555138 2211040583 1980081065 857064444 2467517518 4173535147 812871018 801949174 878886155 1919936245 515531518 2843936875 2805932174 441160158 1776989204 568339744 3796406896 2598227128 380629034 3944924501 1458708376 3928163276 1144487462 903422870 4239920899 22813437 2091229793 3858562282 1077929859 4055530784 723976661 495439675 817854027 4065042269 1587151867 447427398 880949461 0 0 0 0,1.659759521484375,-18.595400551782351
32 15 4 591624740 2497628169 4070206219 2361014323 2121268762 2461289751 2647705854 2985828363 3791073320 1749108741 1779974334 1855910149 509380164 3187445095 2725510019 570915431 1567327034 2967808890 3873856624 31882126 2731855685 3573010904 1583253026 3050459065 2423698478 2619630205 759069942 4214655400 569625558 466354649 1046723623 1619438737 731515038 118999743 921059821 589074245 974309475 3367718780 3666339769 1350599875 2967062372 2695377456 2143789598 1140115815 691707515 4149985867 1538699365 3268035800 3258913519 2593103172 1039950861 375239923 2414302943 1991805345 3850809646 2278322167 2842777892 1554349058 4289472600 1859346244 0 0 0 0,1.659759521484375,-18.418202171648940
32 15 4 2387535937 2625335243 2952694091 1486270611 207028521 494366618 3127484343 183130748 3125657686 3907208477 4013853638 1823900554 2260042761 1962088420 520373239 510162906 865052226 3251232637 2089605838 473779926 1083378336 3308800804 2908464168 1763898615 2223106951 3196924207 2217831325 2421894860 2924124015 2625932591 1750877568 3553768279 3649284220 2375616397 3903009133 2009529470 3414286375 2016487662 640773609 3963302543 365013503 3255145829 3606558952 56630513 3707865612 3421721944 921107914 2688083237 4243486921 2452560922 2606432283 2901302360 3240910600 3985130634 2254200037 3161649781 2842274543 3177211694 1290576944 3250270898 0 0 0 0,1.659759521484375,-18.291064689620510
32 15 4 819706706 2991818859 228418380 68230548 2933692229 870753670 2005615248 284751554 3890623661 3646393473 2218132294 1311149450 458683404 1825145407 24283948 1816960840 1914989105 820920322 3372968278 16989533 837365755 190048098 1092617638 2380922797 1626866559 3967606492 4218719463 3135457531 952803831 1003538454 3621259778 2076953642 2727505548 2989277706 1242459824 3794303318 3292635090 544252867 4170037318 3010368218 3165888717 3727253523 1736134832 4124700199 3716954173 1895559064 948272668 3803076206 1201372925 4077953399 1592728277 997767818 649000352 3988173967 2102609039 3865750666 2738524157 1283770293 398217156 784999215 0 0 0 0,1.659759521484375,-18.154990926252156
32 15 4 3238099810 3838384756 335444064 199524441 3033121963 3624052339 1686965198 1815093547 386319540 3184520894 636590807 2956226936 3037135086 2353999404 1705550045 4155227121 1649769678 3968059764 502143941 253550270 1492140540 2098522099 1356302816 3800112369 2080984096 1494740190 3086131652 2189471208 2655410339 3811385933 794242239 2760343768 3068808119 1706622017 4003910622 2146115709 2408020691 2404363713 2019516453 3669101555 150528294 3219705291 2820372761 3239660403 1718090234 3874559607 2517143565 1019382824 2319100620 1236597079 641046904 3407120226 2897196908 3368474121 3305553759 2962621256 2896227518 210023795 1560250274 656921111 0 0 0 0,1.659759521484375,-18.079023112326106
32 15 4 2957032272 2709313479 88017200 2149161316 1236040892 2273296930 2079897455 2520974329 4117925415 3946428288 1321533559 4165311301 1705249774 888191702 3909273557 4118906558 3270989457 2312407818 1955460512 3357273309 55713456 2524789688 2535438800 3665366776 3382104529 2083922441 15833069 627538615 860517293 1073990871 827515194 960529877 1623466681 432144664 3506291130 2124913273 1542668815 678129627 4081702520 3217257453 2308653331 3154239543 2421701117 1416439231 2408573086 1441772919 2588351435 3828339014 2137819044 1132371972 4104830920 2528981570 633644649 3767383428 3299314472 870489124 1401699747 3727604292 3673795691 2291100062 0 0 0 0,1.659759521484375,-18.078679030152500
32 15 4 3835669023 234729093 1841802082 1841060847 513957761 2329312749 1599381257 4233010111 3904957590 1443604603 1672223109 545735334 2840496105 3255681050 2927572435 1534930057 2588612432 1484664829 3060655786 2523366589 3493955670 3192545775 567161695 2608491745 1399394009 1894660076 4076647969 925054139 647591576 2751729091 3232346793 402916148 4117429801 49457632 3878613483 4150160692 924171988 2176553470 2001872602 2938245663 1018678129 2305181695 4097918287 717628206 744431134 2342170935 3607097508 3458671905 2033876573 3347672385 3351995784 1404176389 2797008514 2663988247 2959131053 1573783053 1218975501 2411271503 2091597368 588033084 0 0 0 0,1.659759521484375,-18.044030768859623
32 15 4 3251921346 4027787877 1271179520 1687090787 4241944460 694528915 1531055736 2801389753 2780266946 1556951449 2031251634 1079373286 1190799229 2190108690 160765533 4094003173 3916496081 2424242526 3692348371 1074246889 2199890902 1904603748 2232814039 2674163916 3135360679 1022647219 149675417 3761813295 2465751657 2679662392 880068095 3825106734 757479228 4166039898 1733994447 2683942693 930339945 4245874573 3550433574 492492706 1124142038 819895264 3566903004 3187867067 3911139437 721619339 4014194760 4160429222 2178343483 487292818 2593387159 2254413162 2002514372 2815120620 367976920 3789745342 3257856097 1291129533 396251175 818003607 0 0 0 0,1.659759521484375,-18.027321824232709
32 15 4 428708190 1805647860 277764908 35993211 1003052841 63476883 2041967325 3129647175 1217182663 1064035902 654377079 4022885473 3207361893 828027213 2364434685 651592688 3271991320 3420061441 1376311547 245083158 991788980 2556784923 4149193819 974282172 4132847146 1608167391 2185220239 2795889946 3602141831 1067003678 3349066103 4119385649 4056821912 14504262 3539262681 2149009522 1279209061 506801780 4101488605 4073564013 149797254 3632236828 1382775964 438364862 3352134303 3413541162 1874032574 1480632393 597656678 975496947 4261190992 2129146443 2295827770 1930227445 2734991257 3189850 1404866152 4166133657 376708490 1529923921 0 0 0 0,1.659759521484375,-17.976470357099235
32 15 4 3186635750 2727526609 4284437619 2391674504 1553332692 3619917436 1416451116 622668401 2923490727 895356755 400201319 1739174828 3683690984 4258607297 3646207296 2166139072 3228417455 385501588 3445520816 2044305780 3098972646 2901325654 3178095773 4280766431 3989414275 3380828333 1116377148 306134561 1457271253 2047452776 453850752 3554695538 2928132076 3523401630 158615156 2194342975 90238078 4293042983 3864750151 558570312 222761298 3785945280 2156694248 1658526480 1982454502 1954315108 2863312660 343356632 2159089279 3070210412 4120180717 3317337459 3616111093 3318778133 2620560442 3857432485 2593445817 640363652 1469951013 3828508230 0 0 0 0,1.659759521484375,-17.973059069328925
32 15 4 2952793998 1679110890 529724194 1441251056 2748689351 214467723 3281823175 1961781760 135803131 951819933 4203935186 3089713791 22798584 2119427501 829510564 4229857853 2924615004 1702948600 2759899256 2249788809 1603211345 2928466519 3976463173 3991136099 1994775427 1803585190 3535267784 2396114065 4221897319 2169074942 2086554328 93949632 2708542863 99065940 965719012 3334214754 3726578833 1032195020 1564924577 829180584 338797143 617425100 3342031535 3318573087 2315673049 1489275849 591302451 3626600141 592838774 3057477374 1030479672 3984844681 2651511206 370411219 2991227170 2341324582 1278808341 4106654255 2043090978 3988960319 0 0 0 0,1.659759521484375,-17.925565234843511
32 15 4 1143470789 272265611 2900920940 75223075 287965249 1281692810 559195981 319206889 3637976361 1563088854 2866290820 1377434276 4036678132 535394875 2699819674 3794330763 3800346967 820647686 1817444742 1916068709 857791758 4155432808 1387578275 264456737 1493946523 3088840284 2322487899 3632979696 3668034649 3919955687 542005595 2990266493 3145977667 4216499159 1044155846 59764229 4228584058 2685232167 337384109 2560169013 158633367 2400482571 2773776640 4023525671 578497715 504446437 720346148 2115634586 1189262424 3608865068 2977203773 344414160 3888898763 557723050 2539304680 968683797 4014921187 4201717424 1766177548 3595840164 0 0 0 0,1.659759521484375,-17.880460565945241
32 15 4 3042339571 447627588 3876424852 2963561793 2721891714 1380903528 2466690165 2615965889 4036932804 2280548418 1507538302 2586177766 744820675 1698083800 3129940035 4239329779 1258822799 3159812067 4119206572 2135044658 1293639449 3301688230 2065421900 1968028399 2551552374 142636576 1853179146 928027830 247946996 385786605 1740257112 1907614999 3100144123 3473634694 853117145 1386381113 1189581725 46872423 374279244 2434277359 2950370700 2773206965 1435370762 1690656709 987363071 578054448 87032889 1645036438 1730398235 683879968 3146128147 3553073240 980849749 1687736267 1695400896 3826675196 888120086 4274187557 3799346550 1698603874 0 0 0 0,1.659759521484375,-17.775230918735463
32 15 4 1338470299 1453469527 1880460632 1951956901 2443338958 607471024 2796350789 2313854684 268136738 987578948 2901185232 669765878 3846960559 4235521369 439876417 3810197575 301896460 1214076722 3751485644 1093993870 3971684657 3050820075 2635120021 1440856377 4052337095 1092521313 386580471 860631195 3793498571 2347798294 1588594823 2369576562 847779375 1197720369 2814134312 30862048 3481639585 2414107628 3814000726 1057963175 199799989 2596043445 620509799 2333396627 1783426319 2725945165 3094950801 2863274860 4066701904 559128532 3680846 3967624593 882933752 3600041127 3906963310 3746648824 1478866124 2064245845 117600439 2150484954 0 0 0 0,1.659759521484375,-17.766280136333178
32 15 4 4221883818 418762256 1530762929 3219394540 1383565550 374125260 811487517 3856721977 3787651424 4042548668 3455237781 1308551770 2031590587 2542002240 1788396002 364626189 2974304438 646122519 1097685595 673617208 2656588636 2046238198 3941611976 2063688725 350318447 525030078 3000090272 3171296713 300223936 3986489238 2317540363 1782606191 2458453109 1388804570 3370546722 9806845 882582262 1643984816 2518052526 1790253590 3867255804 1923851054 980165258 3081738477 471575921 104495983 2095201299 2117158873 563678701 909206056 1120983683 2356741854 3982562514 2879291150 1185435046 3879385783 3491043775 3349301339 2814492932 436807953 0 0 0 0,1.659759521484375,-17.758161041541156
32 15 4 868916966 3030996932 704687809 966711894 1998470711 361690092 1346726994 3673621291 3037499488 3507575904 271943455 1400666378 4038374434 1567946127 3284342251 3152666883 651613357 197080499 3540396391 3036743687 566266889 1446770343 1286235142 1828484918 3534253517 307033867 2157817125 2139797989 2045453265 4089840992 2871343510 2725440308 2990527434 1079198801 2287752748 2509793938 3894304448 3994548759 662560872 2961003744 1610800332 2219383511 3113826518 923112468 4054226934 3204070392 2186622348 3519723411 488933908 3747942173 1085898511 1252621501 298130933 2867914568 3014035713 3263233220 1694040145 1527101579 2938340944 2458280916 0 0 0 0,1.659759521484375,-17.698311076954718
32 15 4 1420068848 3733868308 2038428496 3134873184 475097451 945562793 4159483105 3858568890 3250241889 3177714927 45637654 2484408097 1542507552 475210747 3875201315 1129952668 3173814881 1305969710 536917077 1634034769 1848085653 2616970755 3908070055 4185635590 2315833972 4277092370 2926942237 1349751596 3571577427 2053949674 3958467433 5353524 110769009 768272694 2807926520 2997586390 1640934499 3799550897 1633916448 2183672863 1614387310 2037980728 4071808460 2356809077 891082859 2452639997 575939937 944162085 356733429 4040456052 555961832 2371204653 1844708415 3269744381 3806809815 3733077330 451896294 1580513463 2707380914 249953901 0 0 0 0,1.659759521484375,-17.691087312159637
32 15 4 2053619376 3092467699 3809589763 496938657 3720187199 1122567821 1615067722 3280474139 710005461 2873012380 2283598994 4162462778 3962793031 2558346276 3687724056 3786534705 2074024228 2722731256 2231969186 1255147201 3362873625 983196030 2090069716 4167943796 4149955109 617534533 4082139629 510941060 1312228818 3032099319 708145898 627063629 2047053422 1943677026 3574016766 3734437049 712488807 1956322660 500901782 2198343077 2809087248 3872965691 313930828 699932428 2741439079 2639775207 3320134656 2857096558 1275462370 1307271738 1003199312 502250082 3918032765 3996244188 2039167786 2368397970 643256992 2140992350 692682857 4014782440 0 0 0 0,1.659759521484375,-17.500153592041496
32 15 4 2993696475 221594924 1920185905 1067796551 1939475890 358564725 667196669 60647697 1820346099 4049139957 523196309 1301774600 311258442 3729557446 1824561828 3751111636 217990175 716734905 490628073 803992705 1968153894 1698174706 2438084772 383766232 887277357 475813963 4199183354 3114121987 3982856410 2738111105 1844004733 970361527 1784702263 1072669794 2306992970 1427570052 3811789600 107807360 3638499465 2951878856 1213689718 4223840895 2584803213 1333072816 879600747 774943066 2750591952 27931054 126494816 926934709 795249384 1384679951 768789593 3070975888 7127747 3136061867 1955972530 55686454 2396770894 2159375021 0 0 0 0,1.659759521484375,-17.470266917724152
32 15 4 2204427849 899712017 2130430051 2344780380 771884156 2872754349 3552636810 2657716043 1224481434 2675546644 245389168 586084767 590062156 3341971487 3438012174 1615502366 3342725170 138043776 247241600 2925440826 1895755891 2861173709 251366213 810450722 1926586459 2904489824 1478775093 2121084858 4194171878 3757493264 3047009837 3913729593 3203941777 4213083146 3050212313 1198124104 1177813301 3965151307 3734014365 2143638245 246879923 4169187068 236482204 1493281752 2371583549 4143515981 1932361149 1316151281 3055134058 3634980487 2725204733 2771385473 2484203922 3360435685 4293106757 963387435 3757532818 351966087 3958721701 1766338225 0 0 0 0,1.659759521484375,-17.420676295103994
32 15 4 162864526 2640874744 4284504257 3588286941 2874461695 4234510198 2184828663 673949506 2117550110 3540699225 1508043518 1052377274 3931236236 2677074286 1817406570 4029254103 1598843907 398810317 506676192 86152540 620494335 3393509517 13965442 120253379 962255896 3564235021 1649746253 3615308820 957940913 1902721042 1116357676 2094934947 2164920533 3471060981 834248455 1004187624 738082142 1563406087 3656585466 918763178 3548123056 4267914047 1714141000 1389406268 3642753028 1209392928 2832195261 1732423953 3268919129 3878202584 2761349619 271055288 4268686545 381233976 3191635880 405645416 1566706124 2700267116 2916189494 2951444559 0 0 0 0,1.659759521484375,-17.400905814969582
32 15 4 2186682233 1784291569 174226987 761578703 2921880925 3747796275 891278755 644882438 826445331 551785544 1721506603 1514699091 589604538 3056136507 47558250 2801393672 1479500797 2341774233 2993480683 758630480 2942296243 3471297776 2788129142 129608372 1447373229 2791759704 3330066387 1247252398 3478649004 659041212 2033972978 736959603 2360413543 3871567338 485732101 3535010361 1740593865 1032107609 605073072 610827903 2724016327 3718157925 3324119951 2713742031 2562467148 1562496835 3724666931 3073362194 1328020914 4081667667 2577980136 1289881440 3068306150 1173238077 678252760 1191948377 730651132 3725780020 1308416917 499155915 0 0 0 0,1.659759521484375,-17.362219305145335
32 15 4 392147987 4087519588 1402057855 1198432861 692786934 1475111902 2579597681 3090631297 232277756 2940154407 461761638 1175824358 1457475958 2547651771 2369637292 3856527598 399247531 1034452175 3415451348 1954917610 721425906 3903585960 2865618335 649404809 1301181742 3689193228 3444481076 484293436 3422111366 2634098164 3974717070 4182489437 1756862562 4290987560 3048401446 40975181 1079034258 2494708355 1342474197 511692425 3762006493 1066062669 1107543935 2175527722 2468813001 3329997070 4136787274 4251983973 4246570062 2755269139 999092379 2779704553 847649943 1894500006 3084536418 2027223640 3595488070 2202882382 1920448556 324808989 0 0 0 0,1.659759521484375,-17.360460601630989
32 15 4 1978527540 2942713702 1099754820 253589083 1142995365 1360989459 4138809911 939229643 4214277310 138358363 2581073715 1478843243 1306229521 2483855764 3475695003 1435783330 1353392130 2018833440 3542390749 3500421202 3908465571 575802783 748511591 1802639303 2442977976 1755106094 307582459 2384463270 373536205 139061616 957940594 4130193767 1597649399 1069640472 1898471929 2133686482 4140788493 2868485040 3868849161 2370556261 730131480 787331206 2174441862 2594885371 3909614004 3787076996 1586408420 1368430395 1342117702 142437182 1752877159 3331686770 71083743 4249770614 4095036598 2241104409 1026606150 279891848 3357412096 1353573374 0 0 0 0,1.659759521484375,-17.311360473679503
32 15 4 2648458382 1024110181 621298380 1299777071 2573043824 188313806 716441337 1157018171 1638065058 4350411 350559779 382872428 3858282040 4021556859 1761434632 4007424790 2149125324 3540828044 2909802615 561170503 3408865408 4020735248 2729314710 3110338684 3456617076 2728450112 584851736 4184195307 2543125678 2370100043 1222184912 1311676491 2183933976 2043366565 1400346407 4145278886 1836462901 3749471568 1283650884 3206918906 2256378566 2297930095 720414406 918559067 1250192884 3954868175 2294996041 3527462833 2144364384 3517447615 3839029335 1275762609 1842076743 2437886604 978348877 730626060 954144292 3544541845 812136140 2909344645 0 0 0 0,1.659759521484375,-17.220954585913733
32 15 4 684341871 3225220852 1089817533 544154589 3295696881 32904976 3919793478 908986429 3433294613 1137366394 1298219022 900478690 880455625 3304945946 1128969034 3461271895 1340066784 837661665 277116535 2798885224 661414898 1204133403 3126199606 2129258254 1262660673 1507120914 2277254732 4136615547 2469353758 1158132037 4132091531 3554975417 3250966317 785600437 325272698 3550126003 1859146781 3474296043 1031188850 1125652979 2913150534 1507128688 1055649720 265191509 2597478057 964330871 552776444 1566452880 2796045806 3479734021 3712260066 2461045009 651534301 1993036542 3641892320 2617661228 2201423343 4179404706 1089953225 2453709490 0 0 0 0,1.659759521484375,-17.189324923291081
32 15 4 492790727 288375449 3751896616 1620392408 1412079128 2159166942 1164013087 4030025543 2179598916 1450441935 1581327036 504956972 2664064232 1362891115 2160368280 3966890888 2627071227 2226594697 605000889 1313827911 2094966227 2019010878 2885178559 4076419126 2404620414 2984313884 473126620 2495860941 1125418836 1303210353 3599336117 2726374673 362976405 3115821657 4095587193 2771746547 211753936 1937422005 1880524188 4101317813 1389505440 1720325060 1574264897 4057058090 3036027335 2180474318 865881963 3523860587 3841201786 2316953697 4272929775 2302040385 146060405 212062151 2357088048 3200533306 3257618329 332790615 3703135927 2120007804 0 0 0 0,1.659759521484375,-17.170404729538405
32 15 4 2217952795 4259020233 301531602 3028817516 1004412191 921175802 1315092960 341417371 1138059455 4021407107 705835276 2107759388 691555555 3201899397 586743518 3774915239 2275689550 1690597157 2050600593 2433738292 1992602395 416628494 1156599371 1034637759 4239547288 854905090 3024656992 3138415415 1224680298 211488163 263032920 3698635625 1406957791 385740611 3292162024 1003759502 163770916 3431490725 4167300364 3237559213 3681284723 277379663 3098370248 3936213950 4038639970 4021317096 191186740 4246771951 774675819 1111424874 823995540 327758802 2378066362 677808601 3260271964 4049519641 2608520063 3305484356 4136855066 689871526 0 0 0 0,1.659759521484375,-17.136489894498772
32 15 4 3431048260 122358333 1842799970 2085463433 1010725055 2751444980 3512848679 284895674 3565437328 3586374213 1169307758 792018025 644924379 3365205668 1307771894 2395632730 2115772708 3730756062 3710939557 2333201497 1173987451 2671393084 179791945 1707282182 3056567088 2986638484 538529542 2503171958 1123903633 4199306981 2800337370 1573311977 496262599 3365630904 4189184908 2986186511 1781398269 714906765 2675762240 2934133145 2291330043 3877610439 3153569549 1277221760 3892487651 6320132 2452541534 3840735584 2883818266 1340657567 1051462481 3864573787 1018192833 3558493299 4179926400 2105171559 3971526581 2245943022 4145933424 1972732378 0 0 0 0,1.659759521484375,-17.134868376857061
32 15 4 1909678378 3427184522 3352196662 3915747580 1617444804 492819643 306540731 3364893364 4123714912 775359212 2567154071 1641635304 1270007039 1445030300 587162222 2517895157 923250831 245944132 1182210828 3839642788 1511662528 1515502142 4253659788 3397423157 3406270191 3974600232 2853224981 850024325 404594913 3246112505 171974051 3181669596 640316684 2574426268 2450808413 3279869165 1122505988 2621004423 3693982798 2675613086 264957381 213760050 3619041515 286656976 997848194 1619637977 1617242270 619598229 1763787395 3261733177 1169353114 3355068245 1245802691 319031894 2983744748 2536698192 4075827688 545663664 3759775520 4244155268 0 0 0 0,1.659759521484375,-17.119763150093673
32 15 4 2071674034 1254806446 2179459623 1447699483 1559602164 239014180 576816271 607830129 3633359089 789346139 231790732 1113000987 4040875434 4067545091 3664370385 2165015085 3445648687 2730253440 2214478176 1388139638 922320477 748654473 2765411340 2314780604 3451394390 1715768966 273856458 382529408 506370789 2243060230 710930300 3075497235 3891229951 3630076752 75117483 2239273138 3303844220 881205394 4291276439 2671564316 3507496722 3020785553 622189224 3307502267 4098830678 1378966927 726732306 3264803987 547561143 2089767515 3885009389 3432825332 1656001590 3686430722 178001978 1142719822 156226609 2868758250 82647943 2114429977 0 0 0 0,1.659759521484375,-17.106244057913483
32 15 4 2323235798 3442831989 3631120805 3045582900 2027449038 3424086062 278996064 1924011614 2165017476 266757343 2382875344 3116840206 3573513264 3800444050 4096228847 1702139393 2084389892 1543123519 2043998166 310736449 1838268325 194235887 4247556548 3437877798 3426507223 1473692541 2648163984 420272119 4033782089 1600878950 2054635425 1250617041 979517192 1372498566 3926961349 1318225118 3304335497 4090762144 1074326774 399942884 1944885349 353840628 66366193 103304494 2226107976 3924753390 3541402062 296581813 1363879965 383676965 2701295012 3938043573 1072168031 1545832415 3459004000 3931273502 1914368846 1227380123 2311249204 4059696951 0 0 0 0,1.659759521484375,-17.083040086911340
32 15 4 3905028746 2509741194 491491493 1111108233 3481561943 3458100146 3269965595 1501129233 1244645613 180759877 3616511894 136474419 3278905901 1184246649 7675482 4022457163 1702222844 2644776768 1844002770 3573819697 906763464 2838211288 2017075730 1437912192 898834521 1383538848 2990451089 565671957 890076613 42946044 2354555390 166920447 2004786350 3447978604 3260978789 1815189684 2467599075 4181116567 3463142210 687146507 3256478626 1848064750 2288290130 3368867913 2545090395 2438831007 3286297438 2521098036 725865628 2564484115 2598979763 1517611860 2624990103 1058570851 597094289 58505162 532072031 2899874252 4189852254 3817936443 0 0 0 0,1.659759521484375,-17.052888701004428
32 15 4 365527841 749231594 130353138 1937606621 2820838275 1767139679 223108851 3944919018 2102094482 1140936730 2455509107 1752278363 637477941 1738618615 1334168939 4273961630 2426064665 3925486130 941826621 213842486 3882532338 2013113519 1022640421 3436942435 1702568269 3311027560 3222093433 3234614407 2685844386 2735608138 3812742957 526446168 2625175442 965453206 3443825774 3240516110 3301047201 2919943145 836872536 2259414661 3965362272 1170630684 1660178416 3681070725 843252099 585256591 817809337 1941547541 115308721 225567178 3093242423 2918657103 2813423302 3752409008 2476535368 1009624077 555989976 3957062442 4149429800 479893858 0 0 0 0,1.659759521484375,-17.007660540921472
32 15 4 3207903691 236423066 3043271988 719811669 3783100912 2910740450 427249087 1603788466 3685127277 2247287037 373972312 3313876909 2601651461 2121216752 2649798239 1922156122 1914432372 2568415567 927547478 4169975611 1310920570 3460566553 2990417095 1736768644 2103867062 3428804163 4242795487 953450937 59516895 960759768 3080855849 554471556 2940568654 3790908884 4104941117 3279378820 3752819812 2590744422 1269911266 3394473867 3770982083 2231567911 2926134547 814467876 1511679214 4118722062 1366012461 3414363385 3199547292 2233726559 2788521180 3713162407 2112742331 3947681922 1905437769 3596367660 4003916314 3887601286 192741010 1417540631 0 0 0 0,1.659759521484375,-16.972800131177864
32 15 4 2458162150 4179914811 3940343167 333935320 659290139 2646594644 3596570595 523329851 2953194154 2370556787 3861914473 4212116167 3942827232 445023873 3154649584 3824964611 1654226465 1170453165 1100138643 2922823661 1881733640 3089376031 2587064124 3710070203 2137278662 2245447414 625739975 288797194 3590624060 3137614871 14905256 2648404026 2814332618 1844576173 1455568288 2003966630 2113743418 2140172902 1347070071 3562453142 1847881918 386215532 298622248 3237061451 62071237 1030441367 2160774294 2332927067 4259717282 1729059080 219006863 581020516 1296550792 1394332596 765808681 663389411 3977576522 1513835357 2688752715 3499821990 0 0 0 0,1.659759521484375,-16.915534323973923
32 15 4 524518554 2300716725 2343896583 1559200395 25504133 3517748839 3925520026 3706758507 1287254753 3257141825 2436393296 1031874502 1763055112 2110712143 2901352007 2313861664 2636481547 2474776740 1751642249 2802200900 2565154392 4089065182 1418862906 3895187650 1582596506 1018375077 4179759789 452815629 2063265476 3712193913 490594973 3515985389 1864024823 3601119822 1367929293 2711185557 2314565711 2695927760 1888312545 4098078001 4255491403 686117690 3875371210 1135364647 3902480961 1195365484 3369104589 1939539451 576527661 3529736477 2934911381 277375335 2614832225 2722504673 1974537554 2128529248 2741016360 3677102813 3860420473 2866320766 0 0 0 0,1.659759521484375,-16.903896735951483
32 15 4 4246772250 1490175291 3565698627 3944277347 3605814055 1622247935 16378265 176884193 615082241 999115156 3658962938 268390915 1125673765 3231520399 373565777 3223096539 144081795 2048805719 49262612 289015383 4244983826 2193685449 593066282 2355703179 3536013430 2092490713 1336335222 2537157641 3246731288 1300198647 4090814723 1930233465 2102808051 479760484 2900544635 3921016376 3748389263 4144047764 2335577118 3489884784 1860043583 4179252476 3941763500 2766896050 125107271 2110606795 1671400202 2863553119 3782550419 369400321 1918759426 2363735265 3416700837 4018801316 3428443112 900205012 3354045449 2204515129 3357760429 2176920905 0 0 0 0,1.659759521484375,-16.900902166196134
32 15 4 1941506693 723361027 3041754251 2878668591 3717082423 1221043960 1642323723 2195342886 3690745180 1280260323 4048667405 3476497830 4075968951 1991392126 1627452187 3597551317 3116996070 3074120537 2281016417 3180614035 2560009989 3459456058 1513311772 4248718230 962252343 4255371634 1319680021 1949429090 1402529261 2487447559 2365897639 3064799520 861639224 1964857647 1099426380 1219789006 1730226146 3468097509 4244329999 3579297674 1058551426 3129099772 741807089 3645253113 767679945 1361396304 3400606388 1425446946 696197997 1301919115 3168389326 887164326 793488331 3101096897 2248955451 3897927748 1348714465 3076535283 2113967300 3807631633 0 0 0 0,1.659759521484375,-16.869065552597213
32 15 4 2889775461 1196868557 3880718249 1096745012 1278910666 839593406 914860624 1949779781 2437187868 1732623496 3835234576 3692946348 3707697391 2836726779 4256224905 2759037207 1592669287 1882276292 1258035946 2830663953 2557473551 2662443892 4008619131 665598437 559144160 4128978190 2652720551 1473981582 3537638991 436548426 2522771363 2824523909 701430092 1909774218 1831012709 4041215249 1404932735 3474731307 1939595876 3963768880 3428118752 1797291500 653213866 1776309933 1556538462 105504538 3512591106 1806695617 2957623704 91926854 3803795176 224155652 1938312913 1113891769 4168623163 1472260214 1710181164 65002802 4150584908 3200907610 0 0 0 0,1.659759521484375,-16.856797445183241
32 15 4 4265707506 3332495386 2636005287 343407245 2573318835 3730580881 465661878 2555143314 1511873213 3035125046 1236302757 2342275312 1726349615 3881863300 2111471275 368768788 3946779033 2480143258 1756473032 981646867 224275116 844214847 3604949016 3626250248 2965316728 3276330082 3655929821 3028424223 1767079913 1647516815 1222903141 2504393470 1438394605 3516033344 3426838580 1987306791 3272511262 1455659204 3192658914 1418250113 3412603103 3540167387 30762869 3342601223 3380983485 263623763 2566469962 4290291464 477978038 502818530 3077032238 594656430 3292985820 3188923722 3254877257 1917486842 484763095 1687868060 3770494743 3240191250 0 0 0 0,1.659759521484375,-16.844423519198212
32 15 4 3960150631 3792804337 3878324045 1897005529 1737143626 1780169646 3907388959 3070800576 738368581 1441750178 4129917382 2307106808 2057853242 1780559457 2820763023 4293537752 3847015212 759132154 2306724949 802000965 197719709 3075226847 2068400918 2659835987 996695250 3650446689 1064927065 3286097734 1876431871 2884719637 3371455564 749641982 2022244675 340095704 1357392040 2583657349 3639201544 3927328904 145304092 669983973 3729064435 592675423 3796188357 1489878483 2059205470 2717859635 2671264796 1951859157 25463865 36589929 3301562838 231100410 3307536201 52795494 877742616 636343749 3185397211 1356326077 2943749988 3894290820 0 0 0 0,1.659759521484375,-16.818797041180460
32 15 4 4037389188 3159183425 2391214245 584068885 3779040375 3343355114 2313970341 1400158215 3669830229 806621892 134935474 4279385159 1194570412 3138773396 1196745296 3583180556 2846018192 3366148802 1242229161 1996797411 4235972274 2170579569 982607660 2663800029 4251371676 4161519130 3447165276 2005198521 1893942663 4047342601 1394743989 2142487268 2803178828 2217294546 1533414911 3965590235 4247815473 910718217 3835613324 3835525950 3748132291 142310569 2681762681 2116680202 3877338224 3002349505 141470253 1589222967 3282281011 1860701866 4251025857 40729451 701841558 3645189612 1949191388 655079906 1126662977 2683817264 1999046374 4046960382 0 0 0 0,1.659759521484375,-16.788250476429614
32 15 4 824630590 11458162 2038319852 1569033003 3340812668 3801366780 772684545 2364614230 3036139563 1606651596 3932316322 4073322722 2543749500 3199751093 1517112718 972236549 2093447055 3055264191 3793366144 3538682652 932938210 2531061096 1264800158 3821527063 3034008770 3857264699 3247558609 3883320005 2621392607 2600967349 1490973956 104993346 1198105938 2434484875 3216109722 1070328850 1129385009 3012261723 3280542267 1336813605 2379665172 1704593944 235212969 3156340895 1398876124 987737539 4210730263 92822559 2662920665 579377914 4062160469 1862733371 767362760 3612875224 2327057562 2401647211 992015872 130239592 744719725 3979084678 0 0 0 0,1.659759521484375,-16.755159394053149
32 15 4 2037723282 3394836700 2292889636 1728251160 2470552022 3634455405 2257915899 627329767 3469163473 2222568640 4117137697 55498530 3706758041 2406474057 2648173427 3197552028 1677856056 3912303104 3657527885 3568963818 3057439561 2420023351 2840858752 3683731408 132923914 3071057997 3447304325 358543536 2629812419 2435797955 1603109215 1153478801 786357863 3504526127 237029773 4258164057 3805837919 2431004173 3991283556 355705566 2970739388 210398755 2785975567 13563119 1197517304 2915948416 4216778300 2399562993 2651200341 4125466692 2422234894 742434940 342713325 3797795581 2280860911 3919068034 3912502058 1845885696 2919582988 1195720841 0 0 0 0,1.659759521484375,-16.694504940296077
32 15 4 3643433301 2314134310 1218575322 615211232 752548956 521173505 2951204368 214812336 4103845745 1955999907 1363555367 705799393 22794344 251230011 3453047551 3820388874 4126040226 2779257876 1307744897 1449274423 792799246 4235820786 1591130737 3546371553 2349134492 607607571 3574341235 3791662377 3230691832 488223803 895848289 2283483979 1661490591 672468430 830476443 2258989298 3594634364 3584152713 2514595786 3228279601 3389941011 1291027610 3510648046 1548242083 215554318 3768932653 1501871494 2440373883 2998434486 1384459163 1045446740 1870264667 2674852357 1382933042 1508847864 1080181206 2395390913 1827811451 4116125892 2140831154 0 0 0 0,1.659759521484375,-16.647303303400579
32 15 4 4166375723 1800241576 4230960947 2534836428 3986334942 327317509 3693037064 2557177024 2989539884 2160127567 682859435 1631943541 1506723631 1932539140 2319682955 2325408493 4092956639 1774591619 3087356984 1912867148 3636176453 930767388 2773457673 3481918980 1445446172 133331095 1368010969 536052006 663672868 788043242 2575231395 696837430 75876078 306794923 1110618298 4119104553 1638169007 2878023461 322792748 938090843 2255996722 2945600668 2152681114 3168251743 3700849474 1926282944 3963597803 2542554855 22580421 3327169499 1595239699 1573218194 1291879839 2132687689 3581462644 957658717 840622762 1613838461 809055890 1665710161 0 0 0 0,1.659759521484375,-16.517418005954670
