32 8 4 2157473167 2175632082 2595997788 2063987704 4060043355 3626470993 654824018 2998588417 3787630140 1823598980 3482463669 779148436 840790581 3511419704 2707386992 862252722 3631955842 1886615711 145299346 3733761620 1017851984 3824073685 264454867 2184467549 3661398796 407862896 4196535159 203789411 1009680017 960800971 2215920002 146536088 0 0 0 0,-0.914581298828125,-14.761464926514713
32 8 4 3325632770 3720025424 4089960054 1972802318 2364027485 2522049071 1011219168 4288043395 2556416438 2037854825 2197850939 715588860 1014076439 2630038186 3623955212 958974612 2929207997 1757932662 163076990 2438475893 859260726 2836557709 217366665 3302547144 2914903446 337324432 2777023833 251963566 867873081 1015199924 3881036276 191758549 0 0 0 0,-0.914581298828125,-14.511046783175055
32 8 4 3770154196 3557102479 3516588057 1180302750 2257523478 2580649473 768626518 4045499864 2604358153 2111076406 3029109182 795956890 661638033 2537750192 3989305953 929355672 3034030831 1807761767 153149564 2804610426 680995337 2709267532 243569867 3290422594 3062194961 304575027 2270573485 208413354 674285311 997789226 3272307178 193565020 0 0 0 0,-0.914581298828125,-14.556400477215896
32 8 4 2676244147 3448897936 4016726965 1847705539 3344970323 2894225395 920984078 2492394514 3729084240 1303490939 2467422790 582716362 870488217 2809388169 3335164108 863021348 3862298143 1436105513 252169369 3870028286 1052956218 2403075788 159834422 2773387458 3832338427 528945709 2993065189 186470210 1044035243 567490701 4061239837 238349423 0 0 0 0,-0.914581298828125,-14.413500477083245
32 8 4 2541835484 3765749744 3955794403 1700693652 3366409057 2849018423 1018394701 3579393168 3525687121 1617367476 2733840721 844250971 765227771 2794583222 3384963536 748759176 4038879008 2055256545 253539595 2692783646 654712110 2330104319 139277826 4202128368 4089987900 502729279 2311665861 135245438 669691335 550174218 4140933531 209128297 0 0 0 0,-0.914581298828125,-14.454941826920646
32 8 4 2299476655 3169468847 3281887413 1083603571 3898726129 3460101660 546509774 2502135415 4125829539 1292717909 2742779154 734191932 1035606079 3223235023 4232838889 837904091 3313770404 1342319817 229306951 3344446120 917302921 4190589572 192864052 2792871606 3344312057 434064528 2531053774 201718589 906813347 873078509 3750725490 194782432 0 0 0 0,-0.914581298828125,-14.360253791644955
32 8 4 3028400678 3463151254 3487867691 1412852819 4264726332 2495210658 567131373 2585069846 3998313341 2003796075 2659109039 679796241 849113945 2577111423 4280231776 995383274 3504162065 1705609892 197495636 3491817970 970670733 2971318029 217752110 2729390425 3552918394 347624230 2735941801 184005006 960849619 658466332 3696369671 264316950 0 0 0 0,-0.914581298828125,-14.440913507942016
32 8 4 3848475468 2552642901 2328215311 1592756696 2372697941 4106341943 890770666 2925144079 2481199581 1574968479 3801742524 1046094587 985869305 4195539556 2721932722 705072262 2707086873 1115787030 135994882 4009232210 911379006 3488758051 249307903 2260573158 2726797893 425055043 3315466448 207874751 915651680 953995231 2505946766 155656866 0 0 0 0,-0.914581298828125,-14.468503142165656
32 8 4 2217409378 2488931740 3349871822 1610860851 3917860471 3240604974 795666287 2687522847 4270134629 1707964454 2923357821 971010403 718069927 3432738684 4034955153 677513519 3725382033 2093490362 146450836 3699170350 636586896 4191183426 209297142 2325897299 3717824618 536661385 2495217982 166791926 626933514 973575393 3717969986 246918926 0 0 0 0,-0.914581298828125,-14.185999865921918
32 8 4 2937013391 3873715407 3680724932 1575061013 3854618433 2622065997 914312575 2594634371 4078411768 1418310960 2473660367 558612217 1029503459 2435112529 4076535245 973457012 3233584917 1323580233 178449763 3507430633 897644419 3100293619 258765851 2725680652 3283317361 519186949 3030273498 186451774 897029287 645004533 3327901929 246773490 0 0 0 0,-0.914581298828125,-14.562348435063266
32 9 4 3807714900 2302821831 3665640711 1913031392 2257163476 3449277703 783460738 4045432985 2571326710 2037217578 2808006261 983566023 585657485 3318099922 3867159581 637931981 2999711904 1873680905 181247537 2512881936 741254747 4284288913 244566292 3581548956 2957369067 315962522 2484547478 253210344 749829809 819882880 3391478865 164238700 255655334 1875056263 2919736674 205451108 0 0 0 0,-0.914581298828125,-16.689899960140396
32 9 4 3443658621 3517223661 4024941630 1880784042 2629583041 3090644763 748958377 3341941765 2273271334 1259709428 3001594296 947888574 905356962 3016531204 3612534723 744059664 3177343526 1353606943 242768880 2831760770 1067676054 2533668997 136721308 3920617377 3193716157 518652310 2214311877 216973370 1058923395 770170686 4179643852 141998763 197210570 1358790907 3204574821 260170362 0 0 0 0,-0.914581298828125,-16.681940597109443
32 9 4 3812087865 4091196402 2475824992 1956638365 2161535073 2955441617 912837008 2208472972 2442867988 1662967618 4115953767 551587691 674722814 3090280940 3088067379 993148877 2982666652 2109121076 146320002 3781431316 634202693 2632926946 246628841 3126398776 3009881293 416358973 3517774546 148696603 625848078 788566137 2367924858 245509106 206791238 2110002405 4289866212 192679184 0 0 0 0,-0.914581298828125,-16.673120371539412
32 9 4 3696037165 3056275840 3497656735 2028255175 2489025798 4067860392 834131943 3740883605 2355089693 1708072036 2619400399 812199018 684785087 4193018518 4231482282 778377409 2867103981 1946180744 212313717 3017575517 602492135 3748920854 157494222 4062681331 2847488452 354303344 3088307620 237483302 587578356 791836910 3487169054 146531707 183181815 1953130306 2466989425 226760543 0 0 0 0,-0.914581298828125,-16.558213195213688
32 9 4 3498929632 2156707473 3010259307 1427483798 2425415511 4201290101 674861417 3388611148 2211280031 1507143125 3604897711 565008316 965900411 4153459501 2242894309 941208937 3065321760 1176910077 208215619 2321414852 811239010 3524190627 156305028 4063498140 3047892858 448128178 3908891313 193835088 820818627 707155052 2947717939 220892235 134505493 1182175647 3655083560 157923577 0 0 0 0,-0.914581298828125,-16.540892612861025
32 9 4 4192783368 3057016241 3593734276 2078878717 2322640917 3766146312 621607963 3156127762 2444358778 1997931949 2696320043 883593284 1033693034 4011597338 3838286656 776741607 2770328996 1668608637 224081385 3616559244 809921670 3363582747 194056315 2422609063 2798277112 274273152 2561467344 261091975 816586568 735089025 3280730258 165236088 203513041 1661367036 2925954993 209257190 0 0 0 0,-0.914581298828125,-16.473041455677005
32 9 4 2620598677 2171455420 3055398618 1671316719 4293184024 3532517604 842090082 4040010197 3792836114 1869699902 4145804715 794643895 572620951 3715651913 2611615703 876086675 3357164577 1945928291 138160806 2240246566 756278036 3878318234 202542102 3342061818 3411035927 428027564 3621077360 200425771 769797741 934667522 2866537556 251845274 249615170 1939800280 4257745042 166316171 0 0 0 0,-0.914581298828125,-16.413792488041853
32 9 4 3381238654 2483866161 3859672008 1233464676 3171117540 4089990337 1018741879 3766497134 2840191596 1338081055 2967381517 899420390 662658586 4163100565 3479093196 624701889 2223930440 1579179330 199593379 3050953612 692128745 3621617218 265093465 3329332338 2267235095 359190386 2546119601 186434969 698481043 640892129 4049542540 240433900 251740081 1581806147 3098280058 166177889 0 0 0 0,-0.914581298828125,-16.405958044586948
32 9 4 2840024808 4048749093 2398080268 1612231689 3861914286 2968924856 1046708411 2737482208 4213643068 2063717089 3766978565 1069692488 603422520 3154842534 2866050945 587395294 3505841242 1656631160 199807272 3585800207 754746830 2172226778 259533943 2210799394 3548261645 497629872 3389622430 201893051 744280843 865328988 2523295748 143481624 245340442 1660260076 3906614110 241925738 0 0 0 0,-0.914581298828125,-16.367058732880911
32 9 4 3085148481 2871214601 2833964129 1783548280 3555572721 4180603622 832331930 2172341188 3271301019 2099796589 3892344554 887178180 763396167 4104785949 2380552347 758253926 3865423209 1808339633 244264613 4200330709 559966492 3714790912 182321255 2919965931 3840766363 307538445 3323650603 257036053 567265353 667859799 3219859010 201272387 218873091 1807693371 3831642068 211477262 0 0 0 0,-0.914581298828125,-16.362484075786445
32 10 4 3748413657 4092009245 2734386378 1505011118 3185321683 2833530793 538829556 3407925579 2915080784 2097225974 3415635830 737472562 872774554 2800649139 2579386465 857146575 2482683576 1865402520 246617150 2280270664 940784188 2262626309 137107065 4194836667 2447983137 377368948 4178977801 196395067 950490572 764131959 3136991825 242672317 234375775 1866617947 3341264980 149267950 40095940 2254290374 2453392564 209764874 0 0 0 0,-0.914581298828125,-18.397216375571476
32 10 4 3134621841 2587941312 2993450215 1696399435 3553850708 3312802871 724495541 2937186465 3435582123 1655939544 3746122246 1064209551 912030815 3442720181 2385954298 701068415 4058383353 2047263256 204878708 3558317008 956948038 4093719924 177851234 2222995423 4080856807 517487714 3904353854 209348358 965523838 853136059 2787041024 197416380 246392610 2055055058 3521092696 265577582 46113149 4106150122 2270695300 151915073 0 0 0 0,-0.914581298828125,-18.581311655505498
32 10 4 3343743090 2279419605 3720916436 1631592944 2834180704 3571862321 697811050 4080095441 3196409445 1925300973 2977311282 709684234 1032378902 3640051301 4010362589 842226136 2299437593 1869979834 159659094 2276352002 868483723 4258606735 258186626 3285229116 2340873484 446194010 2380308280 140653737 861870861 731584767 3305716952 250752580 265609908 1866224314 3130291410 193246233 49061092 4245853304 3813851850 217027562 0 0 0 0,-0.914581298828125,-18.675577326879818
32 10 4 4073951537 3088409934 2357064219 1832000117 2997841529 3644776074 679363060 3375660351 2741907092 1251566613 3330555542 696897747 899206417 3623011550 3006624527 883932952 2638556005 1596011567 251176306 2961436897 953236457 4183938757 188590253 4274890130 2671561321 331195522 4082714483 203821383 943736851 580229956 2580472387 189754177 213893562 1600223112 3417815839 240103720 35336522 4190330410 3123583121 148493672 0 0 0 0,-0.914581298828125,-18.457915392040624
32 10 4 3898747071 2579451795 3264616967 1919077511 2642755522 4015072975 832711179 3795163429 2327765260 1106118740 2994717192 901838053 988046450 3871682484 3791710633 780212797 3110150862 1412402465 199144953 2262971009 901960349 3571970976 226902478 3487295519 3122687122 319501110 2663092154 154583602 896867333 964269242 3507735812 254027127 251477004 1415665438 3128000992 190724627 53079189 3560345434 3991342956 212471454 0 0 0 0,-0.914581298828125,-18.436985979234806
32 10 4 2149861841 2877957311 3286205238 1756076760 3384013621 3319233220 925079639 3843227613 3754611947 1488123000 2996303760 606808010 563602340 3390053969 3908272880 954428574 4045473771 1269132683 195794756 2579583659 720705235 4176032213 219472825 3752692323 4082499938 346745377 2504876501 229227603 706013395 1068447994 3702886280 199906638 183770964 1272393482 3140857741 235165277 36418571 4168274077 3864618355 153513934 0 0 0 0,-0.914581298828125,-18.299565349074922
32 10 4 3898902758 3456184049 2194421667 1834435308 3126573735 3062100952 625969821 2756949606 2704394701 1137219316 3370758950 585144051 617839185 3152828950 3188411484 1002154389 2303279730 1578466446 264293848 3627810012 786388311 2271668215 150276703 2637971937 2342909137 402729985 4250969541 236164260 773448891 848119238 2563739331 197583859 190925041 1582650590 3320050649 225215403 44176773 2281556551 3053224365 160648030 0 0 0 0,-0.914581298828125,-18.524832716858925
32 10 4 4162884888 2621801906 4214252475 1746469887 2983595130 3524718098 923134569 3009606742 2794420361 1861120086 3107498113 634779149 743902655 3727891147 3710854272 881823448 2179812542 1949595222 158379552 3274979140 538981831 4217740120 263636645 2247574664 2198022190 473493491 2439567068 243930215 546499465 737715708 3908643490 172262208 229520432 1951744276 3014595903 220997121 45102195 4222386919 3505465918 147278525 0 0 0 0,-0.914581298828125,-18.225687043398892
32 10 4 2149190173 3846435998 3042687026 1333050419 3435835273 2373561625 629369994 3695681916 3728142659 1525930493 4248334575 640585708 643634275 2269040943 2198893870 864639158 4087639122 1142036729 171221512 2341344810 726494582 3007447665 245359415 3971060065 4047856610 442839045 3295192740 161318928 732191540 1038026987 2758466111 257851367 207487794 1146816898 4103717028 186011557 43548993 3018313045 2414416191 211665281 0 0 0 0,-0.914581298828125,-18.259182108930495
32 10 4 2861901606 3625460816 3720124546 1732685282 4158386331 2507826894 723420179 2459159463 3760428871 1946549399 2749327855 984152842 1015730191 2612505542 3775650517 719005699 3585202576 1868761197 239352126 3918933963 837939034 2812882461 187775610 3127370928 3615540072 491840305 2513612962 199873468 827591705 821946818 3387460748 260124402 204553440 1863023283 2939667989 149227396 37794873 2801957487 3916703008 225371652 0 0 0 0,-0.914581298828125,-18.179941357772431
32 11 4 2672257534 4132209640 3637424252 1197134541 3428380202 3017762775 849814602 2568546586 3659493396 2039556050 2933367764 572172109 989118135 3174784697 4190720383 1033633520 4020221739 1767807106 222553153 3422430852 818101446 2243098628 144641108 2805915021 3974094787 370970162 2256387476 239713915 807275549 901621753 3355732507 144275251 200462475 1763208979 2704529501 205240287 52773087 2239666555 4070416519 196161029 3888371359 398037126 13064819 3948178557 0 0 0 0,-0.914581298828125,-20.510483522230915
32 11 4 4040468257 3534061076 2970367635 1660500278 2550147515 2558375144 548044559 2189513091 2390479733 2122814730 3965934416 900070459 690945249 2548223047 2233211894 559230241 2933748705 1756520888 259194210 4172673416 614794411 2771066316 164707266 2689113782 2894907023 314361755 3494185394 160879108 606244005 1051485344 2798663854 241086916 204144622 1761449330 3778939951 190910738 34586601 2778300285 2407477060 219769388 2685371094 326532345 9219789 3479749668 0 0 0 0,-0.914581298828125,-20.415130554581494
32 11 4 3481740734 3691367241 2470855845 1106331146 3050839960 2789863266 573204271 2849347890 2693224085 1336506731 3727878972 976522884 696092288 2870574565 2942500076 803949433 2164887046 1422545562 145207706 4073062122 635250226 2551860622 263942579 2230305765 2214565337 530410632 3968820513 170937484 621242653 1032275169 2413121884 213336532 223484660 1420333543 3589304086 156363641 42564333 2562281044 2730909478 248258914 2388535107 510263474 15247444 3412084327 0 0 0 0,-0.914581298828125,-20.249699497759684
32 11 4 2796125912 2692999886 3295417265 1237650346 3963439847 4017829798 828541391 2266140968 4037334878 1627343609 2671970319 614795270 747926848 3758207237 3923070354 828858918 3577763014 2058502993 145350008 3623614643 583223545 3399503591 260747214 3029282218 3598691394 471675312 3161298159 181275993 574189606 654707783 3663648836 263347201 252317025 2059716841 2496085192 158224278 56463341 3390587226 3826334451 232556800 3653123836 486649498 15426562 4027766708 0 0 0 0,-0.914581298828125,-19.894858932102473
32 11 4 4173276913 3308070793 3047717349 1480445907 2992009118 2929130562 586585153 3796818968 2768115848 1547884531 3416995842 1003018466 860037130 2803893632 2314799782 706103012 2574690801 1340862016 160215235 2798432222 945437676 2527974358 207688272 3399450714 2585100906 374723773 4207151945 167170764 953530125 978896317 2831924271 249314093 180873404 1337461828 3222357136 177966451 50857017 2520949939 2257779876 211420163 2423337061 396336599 9815560 2661373669 0 0 0 0,-0.914581298828125,-20.483734346148114
32 11 4 2466863439 2456449297 4188743288 1601111834 4081059113 3922881418 772843541 2923299717 3992888894 1363180411 3023519851 557094121 670399345 3769361134 3439489737 973946497 3286924204 1077307160 192857823 3889946740 681935965 3457980501 242705925 2539423070 3247796444 381475066 2402338737 172705335 672701455 622737686 3772417759 260889375 251627275 1078049188 3181989741 149396176 35906720 3470194797 3223386815 202079006 3488315188 399128400 14159416 3301356869 0 0 0 0,-0.914581298828125,-20.789726729209151
32 11 4 4002646875 2161694712 2881463868 1814563013 2479143939 3720735545 638072471 2326804287 2235270433 1960754550 4139627385 840867266 628750683 3570905589 2454350631 612607974 2861873968 1741268881 161020930 4169246822 733392290 4193474710 221973206 2908119411 2831779024 335955404 3279509514 250084577 727339104 652677252 3061417336 174178991 259596089 1739599066 4242135616 211662121 33561471 4177701377 2649163179 167137432 2809204278 352631569 15254230 3362289215 0 0 0 0,-0.914581298828125,-20.656858583577907
32 11 4 4294893122 4063336723 2350007533 1997962319 2776519174 3049578814 613999725 2764424106 3149585010 2088267600 3617813068 650527848 798621528 3127655687 3076939996 909126953 2567474128 1738426145 169713757 3361832695 641302082 2224800703 265653279 2421386332 2586778749 488484684 3801335505 215438285 648037646 859784267 2441695966 150066781 149520909 1744083171 3736154136 267081525 56144481 2216517064 3127595445 178150025 2456805521 483723917 14508719 3976298042 0 0 0 0,-0.914581298828125,-20.439098388052054
32 11 4 2916530832 3496075989 4077876137 1249029332 3651825347 3177078321 918056053 2201509336 3384770866 1412630518 2733063096 865883246 987203468 2986412394 3542517858 618851531 4271893579 1091132992 215011335 3569413879 869661634 2381115208 186637643 2773370426 4258598640 297011368 2282641303 235392138 863970835 866995403 3885896776 154840441 137045083 1096924464 2906131168 218775163 53696665 2366812941 3666188629 185644817 4118496221 283290567 15586715 3833938271 0 0 0 0,-0.914581298828125,-20.507924587126020
32 11 4 4239035968 3779968533 3412679507 1285155064 2371924716 2359078833 672743908 4141728686 2443037760 1208207823 2884459797 627228109 979001933 2202400847 4064027358 992997061 2761005858 1420417897 179078227 2916003972 805514578 2742617737 202770555 3457737180 2810022857 456301348 2673093021 257698190 815473474 742264085 3631122811 197916084 200449063 1421883723 2719531984 227561824 59648837 2747662645 4243021290 144382680 2888836277 448244739 13480612 2327518139 0 0 0 0,-0.914581298828125,-20.684369534530276
32 12 4 3960164740 2936272613 3894716818 1861523181 2928705426 3394979789 1038214263 3358981583 3172738103 1489274525 2776317442 1051147130 758965616 3321016423 3383954550 664687981 2667530488 1193626655 148779944 2977095169 608703577 4234041019 243950313 3962861959 2617507249 404911419 2345856020 180151519 617762589 881654968 4133732268 207716547 148410956 1196932325 2933104670 148082044 42480294 4240023162 3313911229 254919455 2490505431 426971229 14010993 2368159428 645391178 909775516 8871800 3356404440 0 0 0 0,-0.914581298828125,-23.235824658182207
32 12 4 2523967020 4071641290 2173617690 1369735285 3262325110 3007896456 617824135 2377601877 3730964927 1946306101 3289532583 824612222 1003143399 3195431935 3094448456 557380556 4020518199 1740631725 139628237 3274060842 932937872 2351945131 219164878 2938080411 3963687079 384326847 4050546014 183781592 924534299 1014858439 2661701186 220004974 233094000 1744440082 3475682141 138682175 60465658 2362590372 3084908462 239141989 3774878613 389302872 13222192 4029494426 884237820 1061163902 11915810 2375866977 0 0 0 0,-0.914581298828125,-23.296707052544234
32 12 4 4225544371 2936350246 3846343047 2116772224 3049844589 4139936454 917000403 3144295565 2714211312 1812662351 2826435146 1062087993 562658524 4219614827 3399708747 628006331 2357983855 2066371990 169341317 3517427351 722693346 3407444128 220172443 2648426123 2413279198 274767507 2344542947 136969712 731325056 1040386677 4285990680 208153496 195915391 2068112519 2696221178 175416948 53215054 3416439002 3288901738 252548887 2228467257 294298657 10691253 3964848550 679513062 1038761983 13000815 3142947009 0 0 0 0,-0.914581298828125,-22.974383190606923
32 12 4 3570723315 4157975723 4038448231 1594038530 2449740348 3199046630 981605313 3635120433 2220251737 2107290098 2529821727 902386726 797914922 3036719618 3660042094 725764050 2775068466 1844543391 244262440 2470875286 611320644 2246490965 163258163 4043801039 2802049570 387937713 3036427950 257570265 613946506 969937295 3806398592 156064357 181090196 1838494233 2615703052 216417016 34258507 2234537579 3513535075 188914970 2902836300 381962606 12585900 2779854041 649038466 996367341 12136460 3632271390 0 0 0 0,-0.914581298828125,-22.607462907841658
32 12 4 2300332766 2219591346 3037640205 1629676156 3558389416 3533266404 572315338 3157576477 3406393563 1996002261 3568144808 1032785538 1011612945 3685296760 2220048049 592260917 4267916194 1668843121 142904346 3388210883 869981271 4232176863 253210720 2640442733 4260271381 274217196 3946964571 265450309 862656921 763862253 2752103402 162415708 240262664 1662684957 3744782281 213608627 67061155 4238655873 2308896792 188293398 4080543683 287358877 14510446 4159584699 817045271 788000636 9828595 3154546448 0 0 0 0,-0.914581298828125,-22.466032950551258
32 12 4 2731427192 3488073985 4248028620 1526827863 3340277156 2423813570 685649240 2460247494 3531174630 1698189942 2537067511 932965642 1048706143 2605371431 3357203591 742053395 3767725083 2004478076 248879383 3710428624 884724567 2790909037 148482045 3156300352 3792582153 372375854 2877685553 134805138 875455782 880524517 3800140502 215255609 194159811 1998850144 2591523294 191591957 46346406 2793968691 3260386846 243830040 3912176055 396284775 11462157 3914628116 920533696 906380449 14642394 2459180039 0 0 0 0,-0.914581298828125,-22.404962581341236
32 12 4 3184583786 2608491473 2402017844 1325664598 3968956911 4231717059 966996163 3478780205 4193844804 1384337751 3419891402 617096923 1021055415 4134868232 2885031203 868353907 3437862763 1165577765 164712742 2655377955 819988091 3289838246 203712091 4276932514 3479171119 311048172 3796100424 208887262 809505690 998974052 2432034506 182080541 228729072 1161117752 3246164573 255166417 64685025 3299964348 2777425736 140836064 3262816834 332647560 9117086 3110015314 866226096 941379648 16157184 3479283102 0 0 0 0,-0.914581298828125,-21.780012368949528
32 12 4 3889593298 2638222542 2777757578 1870119600 2389161781 4223293587 944610516 2849441872 2488120186 1243914225 3600618614 791547061 900341073 4067927209 2369190487 1055330375 2920162480 1464081152 177661877 3721719681 1018506482 3687972910 216934896 2494454772 2898397899 444243744 4083818971 256961196 1008301943 593723130 3084842445 142743432 145776663 1459926295 3754305505 233628280 43207231 3680140649 2210558334 197350204 2767178333 455777071 15957358 4040968834 1051670545 541943234 11660799 2851439082 0 0 0 0,-0.914581298828125,-22.488955921972253
32 12 4 4222849261 3956179970 2438547885 1660280241 2257839654 2884995416 603988845 4059254962 2512856862 2028851119 3247680654 651332407 839653996 2732663710 2868392554 921807849 2822006459 1656830109 203512581 2328595995 1002034642 2623668487 141985858 3311842967 2873957335 529158320 4085830080 210736620 997251016 899758989 2368699063 168029199 138898660 1654769492 3477726547 264417935 50801159 2626910611 2715080732 145990068 2750701967 511566537 13063758 2951576506 945766683 934350500 8901154 4056397747 0 0 0 0,-0.914581298828125,-22.285985436110647
32 12 4 2975889869 2828848486 3384693874 1811134625 3572824906 3478888116 740287883 2843586241 3417311472 1414469756 2180892879 590435475 1031024289 3275849642 4092257151 1060743671 4280999752 1299145767 259907762 3505011318 854891151 4117864723 143443124 2511626721 4246487984 521661574 2995094116 135725304 842305651 941325839 3723463273 204567355 241589128 1294388547 2379590937 177246230 37787443 4120520364 4191824062 255858684 4085822832 512276469 12826841 4053040805 810903926 974222204 11205988 2839800951 0 0 0 0,-0.914581298828125,-22.972074730263985
32 13 4 2534108609 3462453179 3391586721 1385584920 4252508842 2718098445 1022163309 2863859660 3873893438 1519432174 2513383242 830160764 814235508 2937947290 4016601024 537038674 3672893532 1291773938 161234435 3844041332 950678826 2683029939 205957191 2297944876 3653012263 309949538 3184178421 168034403 941035345 1047841904 3518720158 259231999 160327126 1286829197 2681353601 162437578 51612429 2673605705 3791545416 232101486 3501589554 333381056 9036261 3612080782 992614935 1037652943 15062014 2860938153 153151336 1219980102 10585934 3971764049 0 0 0 0,-0.914581298828125,-22.479352433558847
32 13 4 3234887245 3564724101 2620751623 2006189968 2929911158 2500167153 937756014 4019144114 3048981690 1975000618 3336104302 940256900 882120615 2601058413 3039003761 688058491 2309068457 1712235902 167296152 2223712912 988603826 2855301907 245363499 3297420704 2331101955 344740845 3770518834 141767311 975490945 1016356313 2152974812 250143263 256016896 1719543089 3432077032 193632562 51946395 2868682962 3112908872 203766168 2237154330 365859866 16412815 3219663708 957143196 1057584849 11471526 4021180671 262036605 1632838750 14664123 2399707423 0 0 0 0,-0.914581298828125,-24.230737048483594
32 13 4 2742373587 4184595931 2855877179 1388812472 3794280172 3196505167 699649580 2228927556 4136363381 1685473571 3743642997 925648750 630556080 3041005908 2533754186 577107745 3732190435 1945512852 228252871 3476079813 770918584 2466035091 161299472 2762142956 3717039377 279108268 3925896381 182413372 760917020 776616697 3183758730 261603142 155364228 1941639250 3501810780 167538138 59823256 2451645628 2639815749 219426920 3562259926 295924189 14203806 4227743601 787454152 743757962 12196642 2230850175 167701912 1955388171 15217508 3334912340 0 0 0 0,-0.914581298828125,-25.157466411845901
32 13 4 2294916589 2554453226 3382078573 1407515487 4009842851 3893640742 966365428 2287305991 4075631857 1385358341 2407619205 708215578 1036544311 3881042546 3867746193 865525182 3272026935 1299795310 159791971 3401927912 931110579 3235087956 212831880 3091444152 3243787714 423937585 2913896632 247392775 939074096 718446865 3710234694 180465659 191960805 1292149332 2234841146 203798991 36308335 3228090382 3905502826 161854386 3397386651 411891975 12493057 3807938548 903989514 685875013 13691989 2289270279 200120941 1270221665 8627326 3337324984 0 0 0 0,-0.914581298828125,-24.642881589984328
32 13 4 3763067345 2833380066 4118321785 2103240599 2682125330 3885670899 959752409 4273257088 2273832295 1731027144 2341421956 860266411 735066647 3981975108 3507237383 547229508 2780214238 1976920842 268030156 2601475322 663664275 3281250066 167396343 3708981679 2814603329 395371768 2802193055 265870989 660577316 644233809 3930879174 155649485 233674261 1971540078 2278645734 223767156 35564226 3273131536 3657681413 182927548 2865804043 371960079 15311403 2854258873 628473533 608079194 8996699 4269989374 220281224 1895282505 13502246 2522164167 0 0 0 0,-0.914581298828125,-22.865970632766060
32 13 4 3555286699 3693017641 2478948708 1774921591 3180764661 2609065682 537213233 3382289257 2868166488 2144601393 3942935272 685185956 808818921 2491036587 2906292956 839273202 2542112610 1679570529 252831139 2960454116 958481294 2826316884 173617077 4183951808 2509993188 480319893 3727489576 265752205 968729853 830928809 2412666730 156862903 145410574 1682214753 3885023122 213251026 37757179 2831204438 2769174702 186608943 2642856282 500885571 14325139 2601608847 1003255002 868343149 9747872 3384731040 136901624 1664282237 15570145 3167361353 0 0 0 0,-0.914581298828125,-23.850932838248360
32 13 4 3894273218 3332703713 4096497787 1131915745 2148758151 2380697858 837903881 2441752324 2596185436 2092921540 2874682030 661596894 721095713 2188315863 3703426310 916572296 3132967534 1797351364 249737821 3375662315 633087104 2960276967 196715203 2774772986 3117325961 290788123 2301045393 260709327 625576873 1070459703 4011400877 151766131 247244372 1800778692 2790736450 206605822 51864265 2964721899 3586383485 199662747 3082572636 269484722 14050363 3980781168 645758623 1035731485 10103924 2443193372 240503975 1837897342 16406038 3312074070 0 0 0 0,-0.914581298828125,-24.214473525734755
32 13 4 4017526976 3802347519 2825397482 1392485534 3159670430 2439780379 772229630 3179734209 2726663143 1549614227 4074863731 948025121 903144484 2560763956 2500949092 657255025 2572680528 1295986808 135457608 4188055440 1045968742 2999953245 232650371 2553104269 2603676550 396082419 3287888752 240097092 1049798537 563996973 3116078077 170938223 173953071 1297351460 4182939434 232654903 35753798 2992547247 2594000102 134351093 2442446369 378438454 8554024 3262586949 1016682709 596898291 16179469 3183104322 176742195 1270516542 10777619 4101357500 0 0 0 0,-0.914581298828125,-24.909738288724265
32 13 4 2654547145 2571410525 3302505382 1495370790 3613329357 3566197679 1015292524 3374727491 3364241616 1732509389 2470490831 758212230 575335782 3643870297 3883759383 876410364 3804056013 2137353527 223785753 2269509798 752588911 4105823761 140018427 4275232634 3761163177 494899394 3107147304 193317763 744814871 594813728 3627937428 212551559 264790132 2131473444 2629058440 159690464 49195634 4099027843 3965311324 266216741 4016819826 475311767 14647670 2827804001 782418586 538862227 11942257 3374149032 258586245 2051050259 16681212 2395887176 0 0 0 0,-0.914581298828125,-22.077941369939030
32 13 4 3723485061 3705502514 3152275943 2111549455 2504068479 2770634694 1037695318 4050513103 2149027765 1174813181 3957964671 866686774 720044229 2820590645 2487246135 648097569 2695616805 1352526756 258018865 2486457688 627008054 2468105761 174880247 3589391155 2722586329 288990844 3479775522 171283726 636161835 884016164 2884372761 240799517 242406693 1356439565 3882341483 153379047 45493974 2480110371 2629903476 214451926 2897678531 282298316 15462989 2757331040 662641921 907784246 9649694 4048694819 248906863 1466558845 12586849 2635672728 0 0 0 0,-0.914581298828125,-24.415138687546526
32 14 4 3215410940 3859752822 3703824204 2093538788 3921526058 3166536336 649479161 4129360897 4054001049 1751466999 2581903156 916888747 962287987 2999282996 3951347374 688005939 3321820928 2007483977 141150685 2601889922 839688765 2245985136 212790857 3695170110 3335223110 418311304 2744618825 183146987 855009022 983847938 3466818583 213659691 168083449 2012483479 2470880501 147497077 56467082 2237648950 3826617022 255168938 3423363199 434176150 14906847 2940683627 831472096 962565164 10569505 4128181900 182884134 1891752774 13881786 2480026812 58021550 2296305435 9070852 3540019825 0 0 0 0,-0.914581298828125,-27.540632964583888
32 14 4 3306955526 2991696998 4247724799 1718175278 3114001411 3851262934 596803394 4110881312 2811074111 1754768608 2853566346 872948374 818369014 3992004476 3277757319 595098466 2660525217 2141413640 175313697 2342680987 1050480506 3588087508 257159559 3587024349 2641803129 314188967 2587353790 179379232 1042368402 859729176 3804247120 229932346 262801580 2145469188 2745847277 140048800 62657017 3581645815 3467140480 245228991 2454542037 319641021 16646198 3182502595 1034026036 812717800 10931929 4114034112 251907561 2054616626 14038632 2213712018 59392135 3729441147 9588281 3680362891 0 0 0 0,-0.914581298828125,-27.851543084465478
32 14 4 3943053084 3668275787 3401082431 1483444438 2617619317 3085355009 616463834 4221202861 2177396348 1520489345 2700849861 992153751 814206136 3108703715 4148861664 721760616 3180933351 1088085375 227902215 3165090334 969566647 2282007281 150447778 3533274311 3204601852 535794451 2499292378 181463991 961945704 1038929482 3515676242 204882003 135742361 1086289165 2928255711 151325427 46579603 2291002157 4245579597 251342069 3082062849 518183309 11955456 2228938866 1002151727 1070465553 12862287 4222985961 144209078 1160953078 8914889 3047750447 48546389 2214646743 14830871 3698309467 0 0 0 0,-0.914581298828125,-27.207463746282097
32 14 4 3173615996 2209277849 3394224286 1688115133 3919720984 4132817726 948749715 2523959486 4142556582 1216463083 2732866108 842463395 815320554 4243960260 3912965466 720635242 3471492664 1390855923 189387046 3797092337 1051804375 3329473041 235763411 3188008436 3436783324 505022232 2386514949 259400975 1043149554 840185413 3547216295 194702981 257130843 1386272325 2857311508 203024138 41741272 3338661720 3844435190 166265679 3274647012 529765704 10545533 3549445495 1014991354 806124290 13045638 2522428499 266198795 1455839187 8900302 3997369061 39422044 3460672126 15995890 3085120795 0 0 0 0,-0.914581298828125,-26.645480961170428
32 14 4 2194504598 4086337517 4116318909 1679155864 3566498182 3053342086 939703429 4122081698 3226547046 1813642384 2839823710 835746557 669911795 3164817274 3612145343 602481570 3958380365 1944310700 214910497 2397393085 775192426 2454433111 200585086 3588592544 3909184589 427293286 2177736948 189108502 783874957 614795338 3963711847 258994699 147034722 1941940428 2802917854 167444583 42197070 2458332683 3744199357 203145174 3781591141 408563582 13093800 3175033885 738401117 662749311 9650439 4119230618 140025100 1965174618 14873601 2266297641 45499091 2566730652 10636180 3656544136 0 0 0 0,-0.914581298828125,-27.269203598211691
32 14 4 3840178674 4054224863 2993507787 1628988599 2337217268 2598230462 991701695 3524851976 2545334338 1443162414 3893417665 1064170891 909666168 2439298596 2562691089 729716180 2908617072 1219130775 164926926 2855834926 1009762405 2878624471 204032592 4214410308 2942339325 448363039 3473162460 182579435 1019718314 857986875 2699607305 238342283 189905508 1222465910 3818897653 153844048 38121642 2875734633 2537670923 216138690 2766534537 460896527 13077090 2522052792 1051132484 829000472 9840268 3527361241 195509666 1288862690 15442843 2736749105 40816683 2727891318 10535517 4158210295 0 0 0 0,-0.914581298828125,-27.230555496262794
32 14 4 2490874014 3639963669 3174920030 2091848862 3871766928 2498826614 706025878 3865600903 4045638500 2029211960 4084858095 997482803 873004436 2677773390 2280410824 551581068 3413008555 1618341579 223688244 2332723891 1064087808 2890151667 138608663 3307636883 3370409186 471352958 3236076329 232092781 1069892983 982428081 2942131653 143363037 175308776 1612641663 4244959212 263103243 66963629 2901105263 2381734881 199389261 3255480746 497342004 10508283 2998118875 1007874190 949969496 15992377 3863491361 180563492 1687281627 10165989 2225816193 64661267 2777884903 14561061 3469729301 0 0 0 0,-0.914581298828125,-23.998278652442225
32 14 4 2887941747 2358336139 3425635917 1257692818 3744350148 4209093387 698409615 3679223309 3297202521 1241572611 2921549945 916417889 972741839 4039071634 4235827127 621435134 4122886220 1381634813 229620441 2345224067 894283601 3399596337 167395394 4247866588 4137271082 498351057 2520538690 212806831 905339620 846598558 3611948115 196173030 233061568 1378303397 2688024223 242055386 58032099 3394091285 4160062017 138084805 4226494297 472034513 11408972 3206070503 917924438 813433458 15265174 3682285177 222519019 1474148788 9115460 2242783308 55155930 3256606319 14070627 4110899923 0 0 0 0,-0.914581298828125,-26.046901893988677
32 14 4 3951974524 4151129238 2341274462 1100608505 3106548956 2156844407 767978989 3498593807 2717234644 1284465222 3537371981 767165812 651962876 2369940619 3195534576 919383472 2344010533 1519526261 208446156 2227299889 755598538 2987888963 144433800 3846461186 2304469073 270248521 3998102262 142497545 764662043 828584380 2434560039 217206776 169495860 1523079613 3712747793 180984257 42882229 2995660315 3028408801 257235505 2213018412 301592100 10385522 2872769143 792433521 850259417 13132499 3500364865 178092033 1557209389 12476150 2382822527 44161150 3163464355 16368306 3927670184 0 0 0 0,-0.914581298828125,-26.407020424379047
32 14 4 3916422847 2375674541 2407355063 1600059981 3055582569 3723483231 568843892 2916342053 2715582887 1898133846 3797734598 1059780082 713997493 3550747628 3160961544 671082161 2166740618 1878079359 228093128 3774315034 648464938 4142977661 151328961 2303344121 2195866028 406294601 3657071980 249483984 638244696 680853011 2668514897 144930474 223585809 1874761456 3965984571 201519693 62474366 4135067589 3070668314 189991415 2402742220 427195145 10857741 3721339074 629744334 723961673 15010431 2917318034 233497072 1765975758 9247309 3976007460 59716366 4219622997 14439290 2182410255 0 0 0 0,-0.914581298828125,-26.056701447326389
32 15 4 4167682582 3037258019 3296199255 1815844875 2733448955 3512037075 712889658 4000451924 3066327561 1488465090 3071707016 697186822 628613518 3673468162 4080865035 998017485 2674291223 1261523926 240975198 2592644625 786488464 3770430829 192428573 3591368617 2638165351 373663357 2319195292 243578264 778479401 856350649 3675094522 143371976 179434709 1264402009 3134644043 211580320 35642682 3759102564 4204446005 190738627 2537202934 401169753 16089141 2980175889 744137589 836185486 10333524 3998574088 169897001 1317821888 14206974 2518666470 36800995 3916542687 11007091 3713861605 2536777429 28796872 2267479239 8595325 0 0 0 0,-0.914581298828125,-29.531998711329818
32 15 4 3525961988 2923014840 2299238502 1891274982 2271249700 3312529488 1035673531 2487419571 2605692842 1327775544 3716526832 674103676 821442400 3438948552 2877607236 915023795 2801654922 1583876672 223693185 4139644108 970200971 3988326280 159892655 2708350236 2783381953 382455680 4155614203 145421898 958890980 727114956 2514111364 234957521 143666017 1579084944 3539865785 183170415 56641787 3976274243 2706547893 222923931 2913573633 399034953 13098542 3697499355 980569343 686705722 12381435 2489487427 142358345 1501675167 15002039 4233779607 56104205 3878780973 8609271 2888742958 2913353446 18868325 4163671440 8808481 0 0 0 0,-0.914581298828125,-29.715546719965167
32 15 4 3131418383 2352617278 2466407922 1510711389 3649236141 4289731379 756753819 4209655556 3339509396 1485111809 3780565249 943382796 739105057 4122961693 2766255507 614633583 3832772891 1320568496 240128625 3032091821 653005498 3677728740 167233797 3702424304 3879413980 278851706 3737858547 254592777 641650952 651643579 2335141903 200422328 198983732 1322972017 3974908390 216170848 54436372 3689890378 2938328259 159677708 3959907820 298302601 8460159 2410158423 623320181 616080374 15246451 4208763342 186592468 1214270009 11396432 3092600453 51405959 3549258717 13731943 3575874381 3960289804 21643284 3554558198 13610246 0 0 0 0,-0.914581298828125,-27.801101071867026
32 15 4 3770269023 3809194039 3026905361 1129258954 2570093320 3029512645 596742157 2610146270 2382210891 1836783971 4063299038 998428590 621888237 3133195026 2360688771 735374895 2700052526 2012289323 189609371 3250925310 738135456 2254865861 210223660 3011486952 2746178983 521342530 3354526890 233911533 722922925 814592231 2901522914 198068414 251703610 2008768784 4225475026 261182646 53510974 2262793895 2204243097 140230594 2893974144 513217983 13687068 4175192582 671582649 851463175 9224220 2611781177 267883181 1916582856 16020541 3462103784 52184806 2328061564 12284173 3140281429 2893040785 27053881 3471826038 14293307 0 0 0 0,-0.914581298828125,-28.790644242602553
32 15 4 3965782922 2323205151 3199213802 1704554722 2545112806 3576170309 579331639 2533837776 2388103175 2087011406 3568046722 1022605021 682602637 3741421109 2365590560 636178262 2926678764 1689658274 154967474 3869104911 654595684 4185187394 258992348 2974981342 2898472409 509486525 3922425376 171441450 670590088 777905483 2888486405 251839113 239584491 1692524810 3742128857 145200783 48975390 4189536610 2165824809 207345397 2723918406 532641313 11643206 3630174125 623687094 745316825 14164812 2536981231 245502393 1652466714 10131620 3996432209 48022576 4054706640 15222748 3171023940 2723180289 32907595 3807609271 12448840 0 0 0 0,-0.914581298828125,-29.412733324971874
32 15 4 3000251530 3533830627 3034070218 1966140788 3707648169 2854063481 758420595 3611865280 3388689611 1497609519 3902141783 669568725 954732293 2814038603 2317964568 909630641 4193612366 1087048488 136461307 3166561083 876330371 2174788759 241536099 3808901160 4199696464 472913322 3655142757 200031843 883437835 672804871 2774243848 212738920 225956552 1086022629 3819370969 148141180 66622071 2170728963 2262039977 235556232 4154272957 502641907 12251371 2566829574 929070380 731474840 13821194 3614432423 234408116 1158758084 9831207 3026677837 62951189 2403619544 15697767 3976721203 4153826896 30609570 3531289945 11287097 0 0 0 0,-0.914581298828125,-27.640393082304309
32 15 4 2345054813 3433830236 3750125387 2091251470 3970774341 3187966658 696149952 4196458027 4165866566 1507783714 2310140540 821143252 728800620 3025744557 4006859938 802298317 3749425350 1157586240 203205396 2480468957 585226974 2615397075 171602298 3623393482 3707369647 446221509 3014587703 246808786 573982432 670727241 3319915764 159933781 146408145 1153212816 2248983406 231111561 63786147 2600834927 3865934934 192736625 3567282877 466916084 11058458 2697124463 567522048 634821227 12794429 4195406161 141958386 1125917975 9335469 2651874025 65957671 2474012591 16338768 3700340911 3567886917 22086640 3164567583 11608927 0 0 0 0,-0.914581298828125,-28.580380981239943
32 15 4 3227494022 2434059265 4114117716 1411100711 2302644180 3374434092 848693007 4086510186 2677586031 2018937674 2492098919 605025047 672388322 3291205527 3583545076 826197328 3170028058 1753105005 259546848 3214360666 665094493 3793644653 170761703 3237905710 3195291722 367363936 3211733426 196336155 661316914 693081113 3854435459 246351894 250189174 1745488674 2561977536 148923929 46405993 3800929112 3721185572 207898362 2959440781 338289451 12212357 2550497263 629522423 721494534 13035803 4089060530 238948501 1842678503 8926917 3078465061 48246831 3989496073 15367228 3432494319 2959687019 31004246 3017534238 16688299 0 0 0 0,-0.914581298828125,-29.966989890899158
32 15 4 3285810657 2907045270 3063053369 2053272543 2854463784 3414872926 596792955 3712627226 3130719117 1351733714 3473216878 585794189 1010481741 3329596839 2306717945 1023532570 2403522224 1211870286 186570893 2965424142 814099149 4099002439 206687215 3819415498 2378032345 517920687 4255551455 226874043 808011334 1018881234 2820448870 176242099 230992629 1214698512 3346048890 261937092 44309659 4102134450 2266527185 161624651 2163834561 530068634 11095137 2427825709 851109933 1072518562 13229591 3716079745 225964073 1308894903 9738930 3209962069 44010709 4197102151 15496055 3926461945 2163626732 22432509 4114995195 11115045 0 0 0 0,-0.914581298828125,-28.580542373541241
32 15 4 3315617078 3586760731 3087911708 1832402139 3063643875 3004720850 644788415 2321926487 2837044251 1356583555 3355747157 745686443 952281799 3187624905 2406472990 944294560 2665078266 1235043151 222523101 4226394595 848636492 2364494137 168177190 2977186359 2629649556 481875824 4107714280 244744816 843328482 1023354868 2874206037 172075106 188073312 1239986312 3326119661 214816922 37417284 2355784811 2275330094 163828194 2539729507 494228396 12590370 3578275951 811259256 1070366114 11077532 2320789708 201140572 1275115748 16669784 4147030690 34996888 2176637053 8619001 3099264416 2540307875 31319332 4201529520 10535950 0 0 0 0,-0.914581298828125,-27.624872052647675
32 16 4 4208040926 2602100549 2338677645 1096446659 2798268284 4149272053 727365575 3179412813 3088248719 1330005587 3364636497 897031690 1052969720 4286807626 3069630440 749553686 2292662086 1373987895 223671877 3995355205 897663181 3625843739 196548608 2473258483 2326555462 428462493 4280248991 204999565 890754403 759504037 2667764891 135508660 176344830 1367706208 3324948024 267872709 38366550 3636916271 3212333650 180941366 2157046318 403740746 13154427 3631736761 929750649 796820935 10368587 3181522961 168803353 1455102917 16125978 3789192916 41260352 3526192518 11801097 2578362598 2157639415 25903235 4048061734 14527165 929618733 33980170 2520431510 9507322 0 0 0 0,-0.914581298828125,-32.081790960338212
32 16 4 3180313237 2857970601 4268415864 1352634789 3804298809 3331895382 1041665659 2458364859 4192845543 1426945135 2325088943 565473990 854529339 3400532526 3626439465 911805232 3259799690 1219199432 165571478 3625288561 1020563481 4150485193 217782595 2789369411 3233747421 463911441 2704516280 154264031 1009144970 839695007 3827874829 245699403 261828514 1221208351 2158397298 179004059 43968421 4158907303 3598608363 210841754 3489394580 442853928 14309167 4210826656 1049284577 835638506 11612327 2461508621 259007659 1322892558 16041447 3535212132 44129589 4161492688 8533265 2866755257 3488902021 30745268 2884905511 15225277 1049230882 66706670 3941664603 10763503 0 0 0 0,-0.914581298828125,-31.011405195582933
32 16 4 3462739317 2201048881 2241988937 1159296314 2894920182 3491375776 601565717 3883140788 3161514952 1638975337 3276520119 915321490 793837801 3645708675 3074812340 562862853 2672063618 1934589797 252698526 3121652446 664760810 3966078982 146142123 3316659648 2641637321 373773113 4162938552 195511912 659467319 1052101191 2540472609 222617778 160539115 1930883185 3457809670 152914555 40279556 3970040847 3169663376 247551548 2483200822 398166150 11913724 2394745206 621319129 1012390748 14908232 3880393192 156397768 2008373229 9309860 3003177840 38719982 3876975656 13239786 3413642094 2483584863 31699732 4127110758 12122266 621483563 46655615 2618084574 12891567 0 0 0 0,-0.914581298828125,-29.447867881603932
32 16 4 3742864647 3715815338 3971416836 1390630628 3143225176 2474996860 933206460 2851929139 2765984083 2072210537 2406811516 746026055 719527244 2615506925 3353850506 845015648 2173941780 1768742501 155436130 4015214963 549719220 2850970556 251465949 2558325126 2190389644 401158870 2879793625 249439584 544764347 968171326 4081830333 138494074 196328588 1764861295 2231320701 207851579 57605040 2838884049 3402807347 192133489 2309407952 375723306 12276172 3239462157 589926590 979069600 16160591 2848541816 185842450 1814633635 10057180 3812480390 56550466 2730042759 12671408 2466595797 2309698618 26588234 2696301042 11225651 589961307 64020480 4273834487 15053503 0 0 0 0,-0.914581298828125,-30.802930876283833
32 16 4 3265076685 3855353024 3367936556 1252715094 2282348733 2865605632 763681582 3063103017 2549095822 2095479298 2969447140 847491984 938137438 2769821376 4081482133 708363660 2862126444 1622273856 168270550 3986078396 982870029 2446859543 239381123 2658940672 2819158293 415457397 2217775035 205782058 974220276 967721663 3720738555 179329929 209067160 1624516945 3090772138 251716086 46182428 2435618873 4274075277 147240725 2765843588 435301308 9125691 3702290095 955115736 993874380 13446639 3064648022 216748350 1683855591 10977076 3802105708 49397736 2624131421 16756664 2528421202 2765472994 19438818 2354281453 14394445 955209585 45452884 3502179170 11529786 0 0 0 0,-0.914581298828125,-29.797620208943610
32 16 4 2286301682 3385291541 2234688352 1833941644 3951425702 2804297555 656796846 3081856244 4175998860 1171319714 3296617512 616201705 1049593781 2849017171 3216619773 925624528 3377075830 1551851284 156966086 3243079009 908565660 2245449118 210178903 2184907193 3389936944 478759657 4085891074 205633307 917519207 561957633 2584699969 192573850 151895249 1547458028 3469527401 262285319 53053707 2233073006 2975650281 154927981 3284016914 490723217 11377185 3870910574 900253806 583110574 16575014 3079434677 159771970 1493977305 10253410 3470957297 51866598 2287189954 14160818 2333038953 3283275289 27540875 4188396213 8424323 900347779 58915772 2486244275 15673987 0 0 0 0,-0.914581298828125,-30.892031003148568
32 16 4 2801960647 2926741508 3248769671 1106472127 4046783902 3828558108 543427398 2399056931 3912478022 1867535881 2727606020 559177859 689306250 3910582767 4220587887 1030340283 3403707868 1948703178 251480623 3626876977 605033563 3408694406 195206062 2966522348 3362750367 509490278 2461094943 265886939 617118082 744543632 3652333739 166356613 205710476 1952540934 2937413573 228537318 48182026 3421756333 4069490349 174219961 3302739604 521053267 11834568 4220717330 639972619 791105821 15951819 2397002709 209754326 1901350693 9997103 3585977518 48698529 3314790445 12765493 3132671332 3302105309 21545313 2678915978 9927778 640091016 58003541 3496845532 12933203 0 0 0 0,-0.914581298828125,-31.699684265568884
32 16 4 4161276919 2685602893 4132954574 1168054002 3213318216 4077584277 575281905 2396814400 2832031344 1672160096 2861632686 672799923 1058619601 4228244743 3247066972 811657598 2550737833 2140959168 158254136 3662910243 938192869 3366481538 264805702 3164748360 2605162423 446353755 2481858630 215219943 926720177 940785681 3791378030 169009920 154932911 2146520498 2688659299 258216313 53469132 3361853726 3435855034 143689227 2458960193 464954734 14067373 4046360630 875664549 999836291 12498709 2398208370 166726704 2034335064 16427961 3577361623 50826969 3303474056 9193005 3023748607 2459530555 20260529 2580005392 14958041 875797728 62571626 3962928016 9721634 0 0 0 0,-0.914581298828125,-30.724240138659293
32 16 4 2780413867 2965533928 4182395648 1708324323 3596722543 4107459154 901533674 2625517692 3389240939 1840673794 2986064910 1043563010 652445191 4240854163 3642333590 561242101 3784221354 1895799763 190944669 4023982417 772434130 3544753779 259731720 3218625831 3813704826 411058707 2682550080 223251697 780804048 628400911 4011845362 181795665 165566424 1889360823 3098374307 240495148 44464397 3553349127 3574108791 144228485 3929535398 431928158 9127003 3525264391 738369215 666270232 14454822 2621498006 156230042 1967150694 11147896 3783518581 42108229 3642685923 15184511 3075043019 3929977985 19755425 2518313616 12688863 738204888 48576879 3823787677 9540185 0 0 0 0,-0.914581298828125,-30.032911458935958
32 16 4 2590325836 2762168595 3569044308 1800737487 4215221547 3733891140 782985865 3464016577 4015903051 1287265319 2878229161 950199419 714422124 3526581277 3821745312 579818920 3473171021 1363901200 155573830 3050251556 662188350 3795688804 204588153 4002502592 3425449324 421327302 2436001588 218662528 665885568 1061022844 3480841147 158524298 208595995 1362140330 2709910392 240598683 56949325 3806904544 3976717654 194689918 3232498686 417039590 9448605 2395969802 618873495 1016629244 15421913 3460676591 212918322 1438945513 12185838 3147199755 56539225 3992172395 14393776 3842057330 3231863786 31148316 2609058240 14277911 618749129 58945655 3245131426 8693530 0 0 0 0,-0.914581298828125,-28.528888472794263
32 17 4 4257562665 2972551634 2204006925 2139512311 2978704507 4126612858 670531670 3663095690 2762904555 2080623828 4105245396 808803857 759348632 4165060106 3196495463 731654435 2147517324 1803695421 140223226 3079659785 549632151 3298849293 245087243 4065752970 2183263373 279191903 3328854464 252106098 541515506 861579248 2614526015 185012841 202562615 1808077235 4281886297 225217308 41093849 3293521197 2986541421 139269814 2391441962 295578913 13339494 2236945806 572253322 828810999 11678714 3664296666 209864658 1827854487 16402909 3135771506 39309461 3418831506 10088007 4195687812 2390928316 19907304 3441157074 10627101 572038360 34077136 2546539506 14221064 209898832 125204725 4151306538 9268160 0 0 0 0,-0.914581298828125,-34.761208224067632
32 17 4 2597566002 3670592995 4035687243 1509861186 4097985317 2375180080 885528026 3552885254 3958680656 1843793211 3133825792 1044064192 1058375190 2233793798 3704425351 560713709 3725328584 1994451922 191017993 2628232484 840497464 3121950435 206247989 4037417984 3691161534 478365730 2608675206 244512707 847751150 883318258 3938722441 183003109 212327989 1989396435 2994347279 221495431 40659450 3130362202 3535331371 134745350 3491013695 496783549 10280456 2711801628 819530488 933474243 16008903 3555397111 203566854 1896740782 12289567 2442877209 38982375 2972021735 13601218 4171639084 3491424531 16830267 2473869866 11405788 819626725 53121929 3833429167 14783759 203608571 132664699 3105321197 9643241 0 0 0 0,-0.914581298828125,-31.335432915171125
32 17 4 3863401561 3928795909 2167211065 2125426094 3180801411 2195821596 565711232 3983595955 2688172873 1384750906 4014673983 983875723 725007707 2288542764 2976415754 779749169 2148968531 1206112116 236595725 2361475107 648128691 3062400302 199851822 3224051770 2198927239 323393938 3576209375 260513404 641034447 933446842 2474970050 159910473 202297355 1201454691 3813682140 222940097 58577501 3057811296 3106128644 175835265 2411487702 304625181 10755729 3023370547 627904427 878349251 16621060 3980937270 210650886 1101140506 9034786 2173130886 55779482 3207626452 13481068 3394903734 2410973341 24762668 3652833717 12140532 628038245 63189768 2600596916 14181541 210677745 105245041 3980665874 9689319 0 0 0 0,-0.914581298828125,-33.545515652658443
32 17 4 4097012445 2848794473 2590868020 1728420638 2996539683 3686040393 1005156176 3899334912 2884109472 1367791139 4222167183 752910097 878214351 3590432208 2962831113 999309132 2442184391 1277848667 265004614 2533894862 1027934986 4057502128 148658086 3506722382 2457231599 445121353 3628115888 181617048 1035971026 679788478 2305850005 216125622 145778996 1283296179 4148371847 166829891 61424663 4047481120 3135107773 245040272 2585548910 458211429 13013626 3087440174 1043288118 710575328 9761988 3896898421 139966211 1263207267 16743262 2666773965 60662803 4267115660 12199064 3750860383 2584874670 30504414 3562514979 16552001 1043173238 48484525 2207080415 9159982 139937953 124034360 4169269150 12902221 0 0 0 0,-0.914581298828125,-32.756508383079245
32 17 4 2825212743 3326934561 3772770527 1349844328 3833074877 2555742562 803991775 3602101281 4145906662 1812394773 2797393772 622930661 1045404920 2509449343 3598174173 847155619 3301771127 2054143415 162540059 2651390634 887085553 2735833756 239245801 3861485074 3337048748 293943562 2671967420 154994652 873244791 961752050 4194698628 214382491 196325142 2047545957 2910362311 176249693 38781572 2750614574 3676475855 244827586 3450772784 281291147 12674532 3093466516 913989022 997397742 8629790 3599952643 192278819 2113785974 15116989 2491878483 41422627 2887181426 11793144 3904118284 3450000042 23039275 2489572077 13417041 913899740 35596090 4158788091 12489720 192239075 127368593 2764197427 16405839 0 0 0 0,-0.914581298828125,-32.829441128563182
32 17 4 2633697336 3112296977 3641802634 1727049352 3777859624 3398042828 754213327 3856968437 4117880310 1395803023 2680425683 601154968 643063817 3266265635 3903932129 1023248617 3707204692 1090659973 231937868 2530029491 757515065 3862772405 169298913 3668415142 3757556015 352232190 2784890484 254823406 767871465 799785705 3333395532 139223128 172507099 1095719815 2444761269 223907790 54726195 3875245143 3772310792 190455538 3581074023 364556175 16499721 3082004682 784046079 748627762 10297296 3856435503 180209236 1201430600 14100044 2610592408 58193795 3991454168 10661416 3522663616 3581462279 23035135 2874599658 15380936 783868263 51899337 3462835843 10644947 180172260 110754928 2623944867 13582256 0 0 0 0,-0.914581298828125,-33.561635299578927
32 17 4 2986882898 3411788364 3094069571 1558970430 3664290580 3026531413 989828210 4162143181 3297914382 1531698045 4093882309 672495663 725544930 3200438045 2552877086 851077491 3771734402 1088602830 165541207 3018017538 603783735 2627607696 207465547 3376758536 3806526996 510949410 3642917768 195936579 592086077 713559707 2691084911 252839148 159805923 1085453377 4269801714 164334937 38059656 2619362310 2522059431 209308416 3958996730 532952532 14692635 2571780065 557113545 685157006 10149932 4163329728 153542668 1165859938 13307371 3122784168 41141132 2497359703 10537494 3308455222 3958868761 27759241 3546820815 16154211 557252377 41541870 2931765351 9361927 153502492 94061450 4149649985 13718111 0 0 0 0,-0.914581298828125,-32.617830246094488
32 17 4 2278333895 3143823805 2523643813 1432238199 3750396750 3309752245 629052101 3842989430 3469801168 1290919112 3703587842 556471182 569464165 3456971671 2837487687 824189284 3864774583 1426403417 249355941 2929717492 774074072 4168850041 170509110 3594609079 3835389982 525053821 3906444398 146047048 782421391 1050526035 2385020814 222912673 237841819 1432989061 3518453202 198284639 45232046 4169191765 2709707270 262991931 3926321818 516651150 8534293 2351186523 742036878 1024908775 16140768 3844462722 246479501 1405815979 12539963 2772810021 43080501 4030904271 13793144 3655495934 3926691850 26922258 3843941129 12944584 741909853 61436598 2254122986 8688287 246444184 113786407 3747885903 16596479 0 0 0 0,-0.914581298828125,-34.043529414815025
32 17 4 2925340723 4119177514 4085518385 1336798951 3961982896 2155025371 668318808 2187046702 4220224582 1506656529 2620890766 736840195 1013106981 2411412279 3327497706 967106184 3462077893 1244459709 151466134 3540729912 827504891 2801192331 222535131 3093415721 3444806108 342397450 2779545728 149698049 837596101 633330503 3808937062 245439180 213543960 1245789767 2521195792 173805839 57408483 2785699015 3373722600 234858237 3245591190 361263927 12732802 4209851624 851007842 649329951 9339315 2188349539 203151572 1305573340 15087093 3646834967 56126334 2865515483 12137741 3046151203 3246252687 33481837 2939746184 9614543 851156416 53700096 3976156996 13518397 203112490 133948601 2672669094 12010148 0 0 0 0,-0.914581298828125,-31.321974228438502
32 17 4 2760773090 2545593862 3300631097 1137104937 3495018486 4163266465 1069391727 3527690401 3306077720 1229437780 2869819698 615990886 794346431 4034233543 3852787937 1026144040 3877322937 1379025951 206792750 2154364825 631405783 3492555524 161016904 3978490620 3827005091 504410219 2186938126 261112005 626398716 707900338 3644163584 186097848 190365698 1381913545 2773079856 207403760 57454728 3502134378 4020797682 162068205 4020181905 535211518 13731977 2812359781 638202511 674641662 11734193 3530182388 196099769 1462075144 15913591 2352771674 55858399 3672649094 8733650 3834043392 4019547269 32336454 2364460122 8844748 638155148 36718597 3552534753 16515136 196137789 85131906 2836863230 12104266 0 0 0 0,-0.914581298828125,-25.237673278654203
32 18 4 3727374119 2706358849 3928583765 1699087197 2807551620 4227770983 662672713 2819349421 3091025638 1902258680 3081740424 1058888146 931922566 4081659798 3739621673 786662804 2224454179 1731158302 164533836 3519198758 988168884 3755670645 223300964 2236470499 2278009905 332128384 2402079248 146926019 980786131 655150970 4225400112 267799251 214194344 1734672518 3187630772 179482553 53691180 3746074256 3512231628 215136016 2343778333 302298367 15742375 3964518995 963871990 605863905 12261276 2821983407 205889774 1660337739 13217908 3682314372 51185873 3572294383 10075871 2308004037 2344328582 31232735 2243403696 13436846 963734136 52886277 4110315222 9413812 205861783 98450212 3023837359 15218893 51195378 188272586 3692945526 11791437 0 0 0 0,-0.914581298828125,-37.073521209670541
32 18 4 3028068389 3248414223 3494639242 1143008990 3333757561 2613984790 769005323 2978938939 3540205515 1627747243 2634750287 560833354 656486019 2537753023 3908234405 936473570 4234953135 1904380030 242746600 3913353183 705652396 2873737508 162656580 2221211960 4284863969 366873901 2906036656 225244121 715293913 857783859 3345109574 164947331 212022819 1908723575 2429520873 241956869 54861189 2879441275 3820034754 184818230 4082248501 340125624 14724068 3418067851 701321122 816259440 12363284 2980890631 202914377 1955305325 14413523 3877662530 56765689 2762572627 10325231 2406394990 4082972287 25897388 2687142735 10749392 701418970 61407960 3435038854 14988668 202955996 84813846 2662918748 9968037 56758604 267317386 3926565477 12848966 0 0 0 0,-0.914581298828125,-36.833540221661428
32 18 4 4196977541 4015842290 4167528853 1933787381 2306703455 2893120756 950012416 3351607945 2681429896 1663109991 2559278336 825231270 984339044 2788522169 3680903757 627170152 2852411520 2100686203 186299139 2902460997 843572269 2181632316 251206292 3787976126 2851352409 426782996 3026492087 184492725 850946685 749061751 3774458942 264112541 153295312 2104383212 2435869642 138326684 60330245 2191127148 3596776094 204660695 2685251277 416864538 10508445 2655809833 823611809 776301644 13577109 3353631714 164223360 2048732828 9616764 2771910188 61260409 2319368854 15525309 3992597238 2684814782 28866704 3176120373 9176258 823474903 47469397 3977433053 14681592 164177852 120479989 2585899300 11960854 61274092 138308672 3633688504 12736344 0 0 0 0,-0.914581298828125,-36.545398903616961
32 18 4 4228324581 2268747858 2585796397 1810572573 2469105911 3926852147 927507455 2515484116 2259642917 1348535009 3339240889 721913781 801070305 3842990650 3053013599 854691546 2721934252 1283912718 190691800 3979670848 602649369 3716898975 259586237 2767432347 2691518496 454556473 3872213228 223396751 588483235 889131369 2149544298 146551130 226209602 1291076048 3473872053 262061668 34016339 3711010215 3101197413 194995493 2915818560 443611262 11617712 3294205701 556373813 934154787 16368292 2514248426 228505962 1259973599 9184093 3802612842 36915388 3512963336 13646144 2942776649 2915042289 25116723 3997556620 8572735 556423112 57834930 2381060896 12927118 228488129 127645349 3294328128 11217570 36923123 216074029 3081531288 16099738 0 0 0 0,-0.914581298828125,-34.850897105394073
32 18 4 4091933191 3812258847 3592181065 1788437716 2933715441 2296263093 633880596 2687246226 3126984090 1101664030 2484751449 992030000 947799341 2234685894 3925668961 565504392 2389929894 1549038713 212436558 3713301856 856623647 2884109490 188209823 2208545128 2381520660 438295157 2711835287 172276826 871224663 557426425 3471802470 236385302 183887456 1546942649 2613579457 166605918 66123311 2871781588 3769763693 210886644 2277545643 457240196 15072512 3842773830 808111612 587613719 11500833 2685604814 167928461 1539985474 14394624 3568690667 63564313 2767963888 9249075 2402835688 2278368957 21461779 2930275480 15741929 807985851 34021470 3341771976 11988590 167961485 127458729 2540248787 14632988 63555203 253485023 3951766796 9144909 0 0 0 0,-0.914581298828125,-35.776973330916878
32 18 4 3343391006 2290995454 3119958237 1866502113 2759026290 4084311152 798884750 2741259596 3131642994 1551850708 3810865302 711360159 924472520 4221070017 2209615360 889735209 2256026625 1088359718 137920669 3675471811 1001275124 3639398856 222634139 2513519023 2245501626 438965704 3587026465 204620034 993463051 680712576 2947885702 170794149 225823862 1084091114 3920797721 248594132 64867425 3629488203 2381852796 158879132 2283702050 460783941 15218643 4078534672 953555055 732546895 10310816 2740552142 234027347 1174718297 13569319 3586722359 65781570 3548707298 10848554 2628140580 2283273905 21590604 3751229073 11405965 953479760 50716979 2707404263 14978427 233981917 115153394 3783582367 8812082 65768327 191010958 2159407627 14304598 0 0 0 0,-0.914581298828125,-34.398829936359913
32 18 4 3312077552 4096675152 2945556298 1256929762 2405310775 2289719868 823898609 3976249746 2655606388 1165906262 4094372656 743259987 575867495 2193043439 2355893212 987180655 3040754332 1542930858 176686161 3100735810 750596537 3191740710 238265476 3568611841 3081412173 405429549 3636835778 240749492 740677105 886296494 3188659428 191547299 267469937 1539188900 4228854593 202418583 48068959 3199609486 2176501622 148916808 3103677364 429478317 12929386 2521270686 785453690 913777693 9633103 3979428416 259639038 1560379925 14729284 3033439180 50183822 3067995108 11196470 3697094629 3103032336 27900180 3491952211 12039471 785594226 43997596 3010537748 14742785 259591446 116500557 4136601604 10472574 50171509 149679694 2407848254 13823094 0 0 0 0,-0.914581298828125,-35.240776032956594
32 18 4 2388880482 3920155636 3527968212 1831579990 3482996579 3159304601 543578300 3867454144 3755943937 2073478531 3085719976 669535083 719249734 2976425480 3912357981 895984037 4254894860 1862146031 171352896 2507712323 651554843 2560418744 223701715 3509366592 4272888531 283694130 2161666112 198550650 638719872 661948453 3409007701 262936541 221618301 1854646255 3188089663 148000012 58340955 2557195321 3871449968 234140089 4084860296 292869481 10357782 2977500691 627017968 619843776 13272111 3870392494 233207857 1797092779 12269594 2644994181 54788672 2529708981 16324363 3704860609 4084293027 26209510 2307551380 12844171 626842900 61715722 3292171999 10231861 233212479 99080257 3024023120 14751082 54797113 241080432 3953125901 11152405 0 0 0 0,-0.914581298828125,-36.802805916193517
32 18 4 3815061260 2816058499 2485986320 1749756045 2270555591 4029305533 768636329 4235736763 2587111378 1962064077 3773472767 758899662 543442137 4252448481 2741683550 1002350492 3075099780 1847720793 182772548 2370551896 730611298 3660348206 242550248 3300233312 3022784635 479521403 3630062504 168155918 722168074 692526912 2360492411 225276711 180143583 1853608933 3912276518 136519476 50441820 3667718356 2951239413 247721319 3191247240 502511925 8958518 2733665553 675062732 707705282 15801909 4233234083 170576338 1747408122 11314313 2238107562 54278875 3567966549 12790781 3397359285 3191799088 24719069 3509224833 10074647 675184791 55234997 2163227305 13941644 170548340 100825324 3823046189 11208503 54265141 244172227 2710589743 16560073 0 0 0 0,-0.914581298828125,-33.788638551146605
32 18 4 3735974122 3119545584 2724197817 1122960421 2845171227 3904779501 757006454 2750112831 3027118937 2025295844 4279548721 904476762 1045682944 3812898531 2611670360 575707139 2221669086 1759780251 165822015 4266673886 926621740 3445594032 243729902 2182461355 2261319359 340494634 3386598261 211293390 935147953 670816003 3053363011 183905153 150639321 1755923540 4108542894 238359874 48879775 3448448035 2531439095 160715528 2392376989 360727484 12909365 3384632568 895684230 634706120 9097615 2749148152 140718138 1822810619 15910802 4033658289 47579307 3294391926 10821233 2341391003 2391990004 31119167 3269225825 8731374 895510435 34840511 3088107946 12832797 140760533 71635518 4245183708 10724040 47593590 151688458 2557002428 16179054 0 0 0 0,-0.914581298828125,-37.279231884092211
32 19 4 3399229053 2468961839 3053017908 2103421567 3004500147 3349006681 756693378 2744204312 2822258747 1657539744 3529604715 764228177 855257571 3445114929 2376433610 875868558 2426534926 2051877458 149603583 3450657117 1049279833 4258212920 221417039 2495050415 2476400946 490218951 3873169626 222704508 1043970188 940158604 2722751330 144054843 224797849 2047808324 3643427008 260399420 57675076 4251655352 2192412115 188947807 2657895697 471586002 11568906 3799033546 1031363382 979431835 12639561 2745724013 230876815 2141241473 10245041 3257246933 55103700 4123362547 16281260 2684207317 2657489082 20133373 3977153613 11632780 1031455878 38986779 2914650417 13558487 230846781 99246524 3519730085 10279892 55109435 134460567 2408626287 15994471 10992697 471582712 3865289077 12550373 0 0 0 0,-0.914581298828125,-35.124590735064899
32 19 4 3487535706 2300547822 3268628706 1369515984 2162578815 3671470636 586569499 3411405092 2528380979 2044911047 3184834335 911293896 902807837 3599595478 4211942596 730837495 2889626413 1783598068 262349163 2366181101 1021312582 4185338204 182974540 3822478136 2921495401 345099544 2403270298 238469825 1014809958 543012887 3689158809 146485765 139924247 1780128088 2974471858 206594350 40885544 4186395603 4082851435 185682725 2800205156 364324267 13096607 3117691154 1043974100 596531486 10596107 3413433413 149472867 1832195483 15007466 2169974468 38752742 4128057171 10352608 3905899828 2800678912 20095545 2202430012 14371767 1044099870 66374455 3542887661 11464397 149447858 125583886 3202508888 15149368 38757801 259170874 4189109504 9255894 12411266 364330162 2414879153 14041825 0 0 0 0,-0.914581298828125,-37.368306365340694
32 19 4 3315923613 4198330535 2486865807 1164184449 3215576576 2250452855 679829673 2264660589 2909034442 1082630799 4131383174 1007013152 768246149 2295645894 2694951496 792048203 2326809658 1569910557 211568947 3627371335 561571821 3000337696 175270973 2875549615 2289102821 429807282 3378585095 240669762 568433761 922775010 2338970180 192292425 225220997 1573928374 4173979062 218281865 44061719 2994447602 2839993963 151141282 2243465735 408765871 11738253 3888624154 594348785 885936804 13779138 2261260058 232963913 1498260581 9404229 3577398621 42291166 3208682305 16724631 2724993532 2243037201 30625307 3340379732 8493383 594482815 66973055 2188555352 13953476 232924019 81325230 4099554527 10696982 42298411 228522838 2738704919 15024495 9227582 408772081 3386845006 9407712 0 0 0 0,-0.914581298828125,-38.181799091581318
32 19 4 2221158393 4258517926 4293747867 1787746734 4260468140 3050991653 574879586 2694693558 3953500272 1688479594 2555256063 611466889 825011978 3113374723 3356825091 851725951 3600647534 1924821898 202687394 3520913347 994723779 2438182752 198947675 2438620576 3560775015 278409085 2769257377 164637412 1003821813 667278500 3924913376 265593225 185630223 1929312758 2517667357 197638736 46219047 2442589152 3232795569 201577737 3750586223 287079071 11684814 4145186890 959808103 615727181 13813322 2695605619 194437247 1953018088 9462063 3658870841 49041096 2661982639 14825070 2639437272 3749866418 26259902 2881715204 9102387 959919476 54987835 3786790167 14615700 194394144 114787030 2584218939 10953997 49046924 267582321 3412313762 15371564 8686961 287074640 2779988384 8840832 0 0 0 0,-0.914581298828125,-36.418568726508983
32 19 4 3252380626 2936211417 2852655222 1746321153 2832448084 3733880486 555008431 4252872399 3199702597 1302810391 3362555716 651082105 683877558 3544514447 2683039581 856558495 2612624370 1381437387 249009408 2330045929 593958860 3952477724 192387242 3434920302 2562397214 424569414 4155409477 236839068 598225841 906351536 3179337449 167434534 180252984 1377609985 3294620417 223249014 55031825 3949411055 2540060810 193973577 2465414288 406318913 15436588 2945414483 549898739 891723079 9325845 4249557771 174541471 1420878178 13872600 2275583592 56999551 3851207937 10912098 3342511894 2465960745 24090024 4216162815 13781696 549773314 51386682 3047771880 11736952 174568157 115508385 3397870739 16527990 56986053 236444826 2618822685 8834639 14386788 406321630 4148780133 14548310 0 0 0 0,-0.914581298828125,-36.165385189477851
32 19 4 3879370984 2895464327 4183173549 1420185073 2159082089 3875545942 935672159 2395435291 2618237762 1867563221 2405015298 698917113 1030139172 3980707666 3569619552 866967319 2856883975 2016350805 175347163 3448329803 837268758 3456929515 206033886 3193454230 2822351834 310568361 2944782002 140364916 826574061 708585523 3761157456 252507141 229285077 2018074177 2274833636 171355138 36798139 3467462849 3681804582 214049121 2769331838 333592936 10843335 3872462096 860540303 691744619 13810105 2397432331 219400343 2108473589 8803411 3350437519 33850813 3354179022 15086330 2995995544 2769862264 25092898 2815311948 11442140 860486326 54291493 4017983146 16038769 219377453 92600560 2381293341 9718762 33858371 166490670 3610980773 13950317 12231388 333589858 2938661164 10587753 0 0 0 0,-0.914581298828125,-40.017430144010563
32 19 4 2373591099 2356488704 2331994323 1995170917 3421427191 4158808625 989819234 3823137890 3515170842 1445229458 3396727424 627696853 1002806545 4215625899 2796602798 914175820 3866702834 1294551710 212696335 2395157080 871723067 3497246079 169362497 3610665791 3848596667 535219815 3991887472 237024769 862424480 604910755 2684106103 193003093 160780890 1297738326 3288586104 230410315 54873930 3505001129 2952752983 161546735 3964704154 506960384 8457012 2833622113 805720116 664959546 15658022 3821170282 152549061 1235902694 11855195 2205329826 57203490 3756243269 12965675 3734559320 3965372518 30290740 3811457328 14840314 805596290 60288329 2524247392 8750928 152531262 75856686 3365945523 14539713 57212533 261657752 2783952585 10849222 8419780 506954326 3982737802 15402737 0 0 0 0,-0.914581298828125,-36.798186616937114
32 19 4 3022678849 4235790279 3092004807 1595477998 3750753928 2741819980 1055484485 3420225055 3345916971 2075924472 3864644930 725484521 1043805929 2951627006 2429503369 1011063497 4030733958 1749463302 262045050 2330609349 829236621 2389557183 166110795 4105591181 4086349966 363409781 3334455789 214554749 838551475 791699471 2899817164 200091252 249435232 1748112230 3933119154 243375921 58844467 2395209208 2606102665 142064665 4261345137 350147125 14864555 2742052942 843802268 757376104 8719914 3422197688 240806816 1853145192 13303211 2221172003 62527580 2153216452 11649432 4241045886 4260812391 23351710 3393211230 13896129 843613956 37567419 2818554424 12281135 240831317 104141407 3858530395 14726284 62531247 238430586 2461558324 10456292 8866304 350144566 3327378409 14169838 0 0 0 0,-0.914581298828125,-39.413975095098628
32 19 4 3945240708 4195896571 2547611713 1085753839 2899050226 2980654020 948014644 3460841032 3109986268 2062822088 3751047882 603483256 552610088 3214634499 3181170335 1029007993 2548081185 1767194570 216433106 2572106481 674683809 2309154137 185270214 4035146086 2496963799 379671413 4282132311 248427916 682055313 1001563580 2258656908 191633697 154154705 1764012427 3522643421 204293579 55597066 2303205782 3046590001 137048060 2640209352 391654912 14756652 3101165122 734214485 942016953 11926014 3464159138 163291892 1815728411 13132512 2506928126 57208439 2230169992 8807946 4171444417 2639374903 31554742 4053050372 10934014 734133991 62389133 2385498718 13808080 163251475 90738029 3709665650 8428948 57201452 222385042 3197558021 14889763 9019520 391655745 4292006821 11158644 0 0 0 0,-0.914581298828125,-35.216943999819593
32 19 4 3782455740 3954962040 3292520612 1172412171 2297887539 2580786850 957414022 3889326487 2550639386 1155807597 2365487932 601229522 726591695 2443799828 3887155388 1046323372 3191480913 1367257148 203732354 3058673994 579982098 2717852464 165144730 3669887488 3183055847 292813507 2806840024 220650004 572249635 997373664 3713802144 190739614 142277015 1359586742 2187331579 253102587 67075175 2706650996 3981636810 143525035 3043762401 272337007 9653784 2536415521 568277440 941611769 12650845 3890432900 149530546 1442612827 11591396 3109275966 63952206 2856446469 15747197 3527389314 3043262238 22082951 2841762828 11434798 568143772 56054420 3612184904 15635752 149516686 75957888 2387321493 9404437 63957385 196557906 3834585874 14429734 9564275 272342727 2815681844 10934207 0 0 0 0,-0.914581298828125,-35.780712871788211
